comparison,group1,group2,layer,metric,cohens_d,perm_p,significant,n1,n2
CoT Success vs CoT Failure,G4,G3,0,speed,-0.2854742071286651,0.082,False,253,47
CoT Success vs CoT Failure,G4,G3,1,speed,-0.00882015890464487,0.963,False,253,47
CoT Success vs CoT Failure,G4,G3,2,speed,0.42265778988562747,0.012,True,253,47
CoT Success vs CoT Failure,G4,G3,3,speed,0.42981948548169135,0.008,True,253,47
CoT Success vs CoT Failure,G4,G3,4,speed,0.4303029042496271,0.008,True,253,47
CoT Success vs CoT Failure,G4,G3,5,speed,0.42789078819520343,0.012,True,253,47
CoT Success vs CoT Failure,G4,G3,6,speed,0.42695386132054614,0.012,True,253,47
CoT Success vs CoT Failure,G4,G3,7,speed,0.4273587608110013,0.012,True,253,47
CoT Success vs CoT Failure,G4,G3,8,speed,0.4232515782990541,0.012,True,253,47
CoT Success vs CoT Failure,G4,G3,9,speed,0.4243521295046819,0.012,True,253,47
CoT Success vs CoT Failure,G4,G3,10,speed,0.42436313890097693,0.012,True,253,47
CoT Success vs CoT Failure,G4,G3,11,speed,0.4237902977031105,0.012,True,253,47
CoT Success vs CoT Failure,G4,G3,12,speed,0.4263308907564794,0.012,True,253,47
CoT Success vs CoT Failure,G4,G3,13,speed,0.42728070990318395,0.012,True,253,47
CoT Success vs CoT Failure,G4,G3,14,speed,0.4269879806448001,0.012,True,253,47
CoT Success vs CoT Failure,G4,G3,15,speed,0.4280144394709047,0.012,True,253,47
CoT Success vs CoT Failure,G4,G3,16,speed,0.42744179295458024,0.012,True,253,47
CoT Success vs CoT Failure,G4,G3,17,speed,0.4292275299412397,0.011,True,253,47
CoT Success vs CoT Failure,G4,G3,18,speed,0.4308617341851667,0.007,True,253,47
CoT Success vs CoT Failure,G4,G3,19,speed,0.4321925268386242,0.007,True,253,47
CoT Success vs CoT Failure,G4,G3,20,speed,0.4356251934716947,0.002,True,253,47
CoT Success vs CoT Failure,G4,G3,21,speed,0.4410786425096458,0.002,True,253,47
CoT Success vs CoT Failure,G4,G3,22,speed,0.44633882373187667,0.002,True,253,47
CoT Success vs CoT Failure,G4,G3,23,speed,0.45340124599992726,0.002,True,253,47
CoT Success vs CoT Failure,G4,G3,24,speed,0.4624427864971413,0.002,True,253,47
CoT Success vs CoT Failure,G4,G3,25,speed,0.4676901069343625,0.002,True,253,47
CoT Success vs CoT Failure,G4,G3,26,speed,0.4809223727908543,0.002,True,253,47
CoT Success vs CoT Failure,G4,G3,27,speed,1.6672328303320603,0.0,True,253,47
CoT Success vs CoT Failure,G4,G3,28,speed,0.30717595088691113,0.054,False,253,47
CoT Success vs CoT Failure,G4,G3,0,dir_consistency,0.4032502005857789,0.013,True,253,47
CoT Success vs CoT Failure,G4,G3,1,dir_consistency,1.6425956453154487,0.0,True,253,47
CoT Success vs CoT Failure,G4,G3,2,dir_consistency,1.7828809515447666,0.0,True,253,47
CoT Success vs CoT Failure,G4,G3,3,dir_consistency,1.5731594560656115,0.0,True,253,47
CoT Success vs CoT Failure,G4,G3,4,dir_consistency,1.1954295652349154,0.0,True,253,47
CoT Success vs CoT Failure,G4,G3,5,dir_consistency,1.1372393423856586,0.0,True,253,47
CoT Success vs CoT Failure,G4,G3,6,dir_consistency,0.8026958650728425,0.0,True,253,47
CoT Success vs CoT Failure,G4,G3,7,dir_consistency,0.7414506482758041,0.0,True,253,47
CoT Success vs CoT Failure,G4,G3,8,dir_consistency,0.6293940015344431,0.0,True,253,47
CoT Success vs CoT Failure,G4,G3,9,dir_consistency,0.7698580177740808,0.0,True,253,47
CoT Success vs CoT Failure,G4,G3,10,dir_consistency,0.6966306654680258,0.0,True,253,47
CoT Success vs CoT Failure,G4,G3,11,dir_consistency,0.8779453374004748,0.0,True,253,47
CoT Success vs CoT Failure,G4,G3,12,dir_consistency,0.8942308733499867,0.0,True,253,47
CoT Success vs CoT Failure,G4,G3,13,dir_consistency,0.8710893848709036,0.0,True,253,47
CoT Success vs CoT Failure,G4,G3,14,dir_consistency,0.9053225716345102,0.0,True,253,47
CoT Success vs CoT Failure,G4,G3,15,dir_consistency,0.8300061299424214,0.0,True,253,47
CoT Success vs CoT Failure,G4,G3,16,dir_consistency,0.9356976062830153,0.0,True,253,47
CoT Success vs CoT Failure,G4,G3,17,dir_consistency,0.8739502534870238,0.0,True,253,47
CoT Success vs CoT Failure,G4,G3,18,dir_consistency,0.7582739730362091,0.0,True,253,47
CoT Success vs CoT Failure,G4,G3,19,dir_consistency,0.8364752534845744,0.0,True,253,47
CoT Success vs CoT Failure,G4,G3,20,dir_consistency,0.9806833645839815,0.0,True,253,47
CoT Success vs CoT Failure,G4,G3,21,dir_consistency,0.898415283499724,0.0,True,253,47
CoT Success vs CoT Failure,G4,G3,22,dir_consistency,0.7425395195671178,0.0,True,253,47
CoT Success vs CoT Failure,G4,G3,23,dir_consistency,0.746481904016771,0.0,True,253,47
CoT Success vs CoT Failure,G4,G3,24,dir_consistency,0.8998138842547954,0.0,True,253,47
CoT Success vs CoT Failure,G4,G3,25,dir_consistency,0.8221726163655448,0.0,True,253,47
CoT Success vs CoT Failure,G4,G3,26,dir_consistency,0.7878019685565122,0.0,True,253,47
CoT Success vs CoT Failure,G4,G3,27,dir_consistency,0.6561692289228529,0.0,True,253,47
CoT Success vs CoT Failure,G4,G3,28,dir_consistency,1.0468765265201856,0.0,True,253,47
CoT Success vs CoT Failure,G4,G3,0,effective_dim,-0.6940435371604277,0.0,True,253,47
CoT Success vs CoT Failure,G4,G3,1,effective_dim,-1.2866008189285802,0.0,True,253,47
CoT Success vs CoT Failure,G4,G3,2,effective_dim,-0.6160408933994143,0.0,True,253,47
CoT Success vs CoT Failure,G4,G3,3,effective_dim,-0.6029465784087927,0.0,True,253,47
CoT Success vs CoT Failure,G4,G3,4,effective_dim,-0.5971212128749077,0.0,True,253,47
CoT Success vs CoT Failure,G4,G3,5,effective_dim,-0.5664265718177988,0.0,True,253,47
CoT Success vs CoT Failure,G4,G3,6,effective_dim,-0.5855088097348436,0.0,True,253,47
CoT Success vs CoT Failure,G4,G3,7,effective_dim,-0.6111743447875471,0.0,True,253,47
CoT Success vs CoT Failure,G4,G3,8,effective_dim,-0.6377768901264211,0.0,True,253,47
CoT Success vs CoT Failure,G4,G3,9,effective_dim,-0.6050191995835693,0.0,True,253,47
CoT Success vs CoT Failure,G4,G3,10,effective_dim,-0.5728801111328924,0.0,True,253,47
CoT Success vs CoT Failure,G4,G3,11,effective_dim,-0.5949951763235636,0.0,True,253,47
CoT Success vs CoT Failure,G4,G3,12,effective_dim,-0.6125306194217846,0.0,True,253,47
CoT Success vs CoT Failure,G4,G3,13,effective_dim,-0.5941173649625959,0.0,True,253,47
CoT Success vs CoT Failure,G4,G3,14,effective_dim,-0.6026046783538149,0.0,True,253,47
CoT Success vs CoT Failure,G4,G3,15,effective_dim,-0.5821498992479673,0.0,True,253,47
CoT Success vs CoT Failure,G4,G3,16,effective_dim,-0.5859751102323463,0.0,True,253,47
CoT Success vs CoT Failure,G4,G3,17,effective_dim,-0.5882978198721374,0.0,True,253,47
CoT Success vs CoT Failure,G4,G3,18,effective_dim,-0.5748421326120117,0.0,True,253,47
CoT Success vs CoT Failure,G4,G3,19,effective_dim,-0.5998278683903924,0.0,True,253,47
CoT Success vs CoT Failure,G4,G3,20,effective_dim,-0.5762242492403024,0.0,True,253,47
CoT Success vs CoT Failure,G4,G3,21,effective_dim,-0.5660984451072698,0.0,True,253,47
CoT Success vs CoT Failure,G4,G3,22,effective_dim,-0.5754491425919954,0.0,True,253,47
CoT Success vs CoT Failure,G4,G3,23,effective_dim,-0.5547967320132202,0.0,True,253,47
CoT Success vs CoT Failure,G4,G3,24,effective_dim,-0.5155221516831346,0.0,True,253,47
CoT Success vs CoT Failure,G4,G3,25,effective_dim,-0.49772539383415737,0.001,True,253,47
CoT Success vs CoT Failure,G4,G3,26,effective_dim,-0.4971970040622206,0.001,True,253,47
CoT Success vs CoT Failure,G4,G3,27,effective_dim,-0.23361102705476272,0.133,False,253,47
CoT Success vs CoT Failure,G4,G3,28,effective_dim,-0.5727404245643636,0.0,True,253,47
CoT Success vs CoT Failure,G4,G3,0,radius_of_gyration,-1.3820718475831943,0.0,True,253,47
CoT Success vs CoT Failure,G4,G3,1,radius_of_gyration,-0.30060413711259837,0.049,True,253,47
CoT Success vs CoT Failure,G4,G3,2,radius_of_gyration,0.4317675817691145,0.007,True,253,47
CoT Success vs CoT Failure,G4,G3,3,radius_of_gyration,0.432866249933002,0.007,True,253,47
CoT Success vs CoT Failure,G4,G3,4,radius_of_gyration,0.43261086174280916,0.007,True,253,47
CoT Success vs CoT Failure,G4,G3,5,radius_of_gyration,0.43223503943209896,0.007,True,253,47
CoT Success vs CoT Failure,G4,G3,6,radius_of_gyration,0.43158178312097084,0.007,True,253,47
CoT Success vs CoT Failure,G4,G3,7,radius_of_gyration,0.4317885948608255,0.007,True,253,47
CoT Success vs CoT Failure,G4,G3,8,radius_of_gyration,0.4311421082272329,0.007,True,253,47
CoT Success vs CoT Failure,G4,G3,9,radius_of_gyration,0.43146704726165663,0.007,True,253,47
CoT Success vs CoT Failure,G4,G3,10,radius_of_gyration,0.43131820909415,0.007,True,253,47
CoT Success vs CoT Failure,G4,G3,11,radius_of_gyration,0.43134207005625885,0.007,True,253,47
CoT Success vs CoT Failure,G4,G3,12,radius_of_gyration,0.43169861616473393,0.007,True,253,47
CoT Success vs CoT Failure,G4,G3,13,radius_of_gyration,0.431798699982912,0.007,True,253,47
CoT Success vs CoT Failure,G4,G3,14,radius_of_gyration,0.43184268537658566,0.007,True,253,47
CoT Success vs CoT Failure,G4,G3,15,radius_of_gyration,0.4319246940263363,0.007,True,253,47
CoT Success vs CoT Failure,G4,G3,16,radius_of_gyration,0.4317551015587089,0.007,True,253,47
CoT Success vs CoT Failure,G4,G3,17,radius_of_gyration,0.43197405503959313,0.007,True,253,47
CoT Success vs CoT Failure,G4,G3,18,radius_of_gyration,0.4319876206723993,0.007,True,253,47
CoT Success vs CoT Failure,G4,G3,19,radius_of_gyration,0.43214182047018423,0.007,True,253,47
CoT Success vs CoT Failure,G4,G3,20,radius_of_gyration,0.43253302369255126,0.007,True,253,47
CoT Success vs CoT Failure,G4,G3,21,radius_of_gyration,0.433162650133895,0.007,True,253,47
CoT Success vs CoT Failure,G4,G3,22,radius_of_gyration,0.43327244937375753,0.007,True,253,47
CoT Success vs CoT Failure,G4,G3,23,radius_of_gyration,0.4342107276603656,0.002,True,253,47
CoT Success vs CoT Failure,G4,G3,24,radius_of_gyration,0.4353206661243597,0.002,True,253,47
CoT Success vs CoT Failure,G4,G3,25,radius_of_gyration,0.4350521719396629,0.002,True,253,47
CoT Success vs CoT Failure,G4,G3,26,radius_of_gyration,0.4361667827784644,0.002,True,253,47
CoT Success vs CoT Failure,G4,G3,27,radius_of_gyration,0.7838574951675872,0.0,True,253,47
CoT Success vs CoT Failure,G4,G3,28,radius_of_gyration,-0.5288878799218185,0.002,True,253,47
CoT Success vs CoT Failure,G4,G3,0,msd_exponent,-0.9316470910304347,0.0,True,253,47
CoT Success vs CoT Failure,G4,G3,1,msd_exponent,-0.5073939774085184,0.002,True,253,47
CoT Success vs CoT Failure,G4,G3,2,msd_exponent,-0.49278548211944667,0.001,True,253,47
CoT Success vs CoT Failure,G4,G3,3,msd_exponent,-0.486922999270394,0.002,True,253,47
CoT Success vs CoT Failure,G4,G3,4,msd_exponent,-0.47750052183834296,0.002,True,253,47
CoT Success vs CoT Failure,G4,G3,5,msd_exponent,-0.4809467840340908,0.002,True,253,47
CoT Success vs CoT Failure,G4,G3,6,msd_exponent,-0.48852524067525505,0.002,True,253,47
CoT Success vs CoT Failure,G4,G3,7,msd_exponent,-0.4745063557615697,0.002,True,253,47
CoT Success vs CoT Failure,G4,G3,8,msd_exponent,-0.4979287601528988,0.0,True,253,47
CoT Success vs CoT Failure,G4,G3,9,msd_exponent,-0.49689656961329587,0.001,True,253,47
CoT Success vs CoT Failure,G4,G3,10,msd_exponent,-0.49490504385571,0.001,True,253,47
CoT Success vs CoT Failure,G4,G3,11,msd_exponent,-0.49606959042491533,0.001,True,253,47
CoT Success vs CoT Failure,G4,G3,12,msd_exponent,-0.482679450708757,0.002,True,253,47
CoT Success vs CoT Failure,G4,G3,13,msd_exponent,-0.468686053748788,0.002,True,253,47
CoT Success vs CoT Failure,G4,G3,14,msd_exponent,-0.4615059082922413,0.002,True,253,47
CoT Success vs CoT Failure,G4,G3,15,msd_exponent,-0.4460031406836784,0.002,True,253,47
CoT Success vs CoT Failure,G4,G3,16,msd_exponent,-0.4367475345298041,0.005,True,253,47
CoT Success vs CoT Failure,G4,G3,17,msd_exponent,-0.4373204952687098,0.004,True,253,47
CoT Success vs CoT Failure,G4,G3,18,msd_exponent,-0.4291285164523167,0.01,True,253,47
CoT Success vs CoT Failure,G4,G3,19,msd_exponent,-0.41270855352438457,0.012,True,253,47
CoT Success vs CoT Failure,G4,G3,20,msd_exponent,-0.41694709515846157,0.012,True,253,47
CoT Success vs CoT Failure,G4,G3,21,msd_exponent,-0.4053625253263381,0.012,True,253,47
CoT Success vs CoT Failure,G4,G3,22,msd_exponent,-0.4037564062553802,0.012,True,253,47
CoT Success vs CoT Failure,G4,G3,23,msd_exponent,-0.3829691116341128,0.015,True,253,47
CoT Success vs CoT Failure,G4,G3,24,msd_exponent,-0.37013465654487915,0.021,True,253,47
CoT Success vs CoT Failure,G4,G3,25,msd_exponent,-0.3651142600965895,0.026,True,253,47
CoT Success vs CoT Failure,G4,G3,26,msd_exponent,-0.3448282241687876,0.034,True,253,47
CoT Success vs CoT Failure,G4,G3,27,msd_exponent,0.2702578931191459,0.093,False,253,47
CoT Success vs CoT Failure,G4,G3,28,msd_exponent,0.4881513651681505,0.004,True,253,47
CoT Success vs CoT Failure,G4,G3,0,cos_to_late_window,-1.7400012116293735,0.0,True,253,47
CoT Success vs CoT Failure,G4,G3,1,cos_to_late_window,-1.9623274918101,0.0,True,253,47
CoT Success vs CoT Failure,G4,G3,2,cos_to_late_window,-0.8348989261202973,0.0,True,253,47
CoT Success vs CoT Failure,G4,G3,3,cos_to_late_window,-1.390037561401723,0.0,True,253,47
CoT Success vs CoT Failure,G4,G3,4,cos_to_late_window,0.3235471584513397,0.042,True,253,47
CoT Success vs CoT Failure,G4,G3,5,cos_to_late_window,-0.04175780462707353,0.77,False,253,47
CoT Success vs CoT Failure,G4,G3,6,cos_to_late_window,0.49043901719990357,0.002,True,253,47
CoT Success vs CoT Failure,G4,G3,7,cos_to_late_window,0.30209123290986695,0.049,True,253,47
CoT Success vs CoT Failure,G4,G3,8,cos_to_late_window,-0.11927785701556734,0.413,False,253,47
CoT Success vs CoT Failure,G4,G3,9,cos_to_late_window,-0.3284741039537404,0.04,True,253,47
CoT Success vs CoT Failure,G4,G3,10,cos_to_late_window,-0.31109292741497807,0.044,True,253,47
CoT Success vs CoT Failure,G4,G3,11,cos_to_late_window,-0.04083038975192509,0.779,False,253,47
CoT Success vs CoT Failure,G4,G3,12,cos_to_late_window,-0.1646743732898865,0.28,False,253,47
CoT Success vs CoT Failure,G4,G3,13,cos_to_late_window,-0.292619259496925,0.052,False,253,47
CoT Success vs CoT Failure,G4,G3,14,cos_to_late_window,-0.26089220326773355,0.086,False,253,47
CoT Success vs CoT Failure,G4,G3,15,cos_to_late_window,-0.1938752303336646,0.202,False,253,47
CoT Success vs CoT Failure,G4,G3,16,cos_to_late_window,-0.33108021776918684,0.03,True,253,47
CoT Success vs CoT Failure,G4,G3,17,cos_to_late_window,0.23435850080858706,0.135,False,253,47
CoT Success vs CoT Failure,G4,G3,18,cos_to_late_window,0.21643839731428763,0.158,False,253,47
CoT Success vs CoT Failure,G4,G3,19,cos_to_late_window,0.8761583378832866,0.0,True,253,47
CoT Success vs CoT Failure,G4,G3,20,cos_to_late_window,0.19038324348880417,0.219,False,253,47
CoT Success vs CoT Failure,G4,G3,21,cos_to_late_window,0.22462127568489867,0.149,False,253,47
CoT Success vs CoT Failure,G4,G3,22,cos_to_late_window,0.9783830292447967,0.0,True,253,47
CoT Success vs CoT Failure,G4,G3,23,cos_to_late_window,0.4162600961526964,0.007,True,253,47
CoT Success vs CoT Failure,G4,G3,24,cos_to_late_window,-0.04891057564359107,0.742,False,253,47
CoT Success vs CoT Failure,G4,G3,25,cos_to_late_window,-0.236031685797116,0.133,False,253,47
CoT Success vs CoT Failure,G4,G3,26,cos_to_late_window,-0.46644875921288176,0.005,True,253,47
CoT Success vs CoT Failure,G4,G3,27,cos_to_late_window,-0.6508384941870652,0.0,True,253,47
CoT Success vs CoT Failure,G4,G3,28,cos_to_late_window,0.09735597912683328,0.509,False,253,47
Direct Success vs Direct Failure,G2,G1,0,speed,-1.9456361401067928,0.0,True,198,102
Direct Success vs Direct Failure,G2,G1,1,speed,-1.9675000190680396,0.0,True,198,102
Direct Success vs Direct Failure,G2,G1,2,speed,-0.4030593528085803,0.0,True,198,102
Direct Success vs Direct Failure,G2,G1,3,speed,-0.3982568474443066,0.0,True,198,102
Direct Success vs Direct Failure,G2,G1,4,speed,-0.39742020211291235,0.0,True,198,102
Direct Success vs Direct Failure,G2,G1,5,speed,-0.39557370225853306,0.0,True,198,102
Direct Success vs Direct Failure,G2,G1,6,speed,-0.3939021722045368,0.001,True,198,102
Direct Success vs Direct Failure,G2,G1,7,speed,-0.3945528747792113,0.0,True,198,102
Direct Success vs Direct Failure,G2,G1,8,speed,-0.39530136119212556,0.0,True,198,102
Direct Success vs Direct Failure,G2,G1,9,speed,-0.39502584538293806,0.0,True,198,102
Direct Success vs Direct Failure,G2,G1,10,speed,-0.3950565166844207,0.0,True,198,102
Direct Success vs Direct Failure,G2,G1,11,speed,-0.39357659352001284,0.001,True,198,102
Direct Success vs Direct Failure,G2,G1,12,speed,-0.39161021136180446,0.002,True,198,102
Direct Success vs Direct Failure,G2,G1,13,speed,-0.392211303188144,0.002,True,198,102
Direct Success vs Direct Failure,G2,G1,14,speed,-0.39323020364566236,0.002,True,198,102
Direct Success vs Direct Failure,G2,G1,15,speed,-0.39116143481080323,0.002,True,198,102
Direct Success vs Direct Failure,G2,G1,16,speed,-0.39209911621685845,0.002,True,198,102
Direct Success vs Direct Failure,G2,G1,17,speed,-0.39160048370133543,0.002,True,198,102
Direct Success vs Direct Failure,G2,G1,18,speed,-0.39452333856117006,0.0,True,198,102
Direct Success vs Direct Failure,G2,G1,19,speed,-0.3986096501348799,0.0,True,198,102
Direct Success vs Direct Failure,G2,G1,20,speed,-0.405992950007783,0.0,True,198,102
Direct Success vs Direct Failure,G2,G1,21,speed,-0.40795904566857727,0.0,True,198,102
Direct Success vs Direct Failure,G2,G1,22,speed,-0.416221267619369,0.0,True,198,102
Direct Success vs Direct Failure,G2,G1,23,speed,-0.39963208020438606,0.0,True,198,102
Direct Success vs Direct Failure,G2,G1,24,speed,-0.38541936582204667,0.003,True,198,102
Direct Success vs Direct Failure,G2,G1,25,speed,-0.38267574376908225,0.003,True,198,102
Direct Success vs Direct Failure,G2,G1,26,speed,-0.3875617539550295,0.003,True,198,102
Direct Success vs Direct Failure,G2,G1,27,speed,0.07692048620724869,0.539,False,198,102
Direct Success vs Direct Failure,G2,G1,28,speed,-1.9435624601831094,0.0,True,198,102
Direct Success vs Direct Failure,G2,G1,0,dir_consistency,1.0915385028197695,0.0,True,198,102
Direct Success vs Direct Failure,G2,G1,1,dir_consistency,0.9340655153591111,0.0,True,198,102
Direct Success vs Direct Failure,G2,G1,2,dir_consistency,0.5366121797632074,0.0,True,198,102
Direct Success vs Direct Failure,G2,G1,3,dir_consistency,0.47950661554979945,0.0,True,198,102
Direct Success vs Direct Failure,G2,G1,4,dir_consistency,0.9322794654854881,0.0,True,198,102
Direct Success vs Direct Failure,G2,G1,5,dir_consistency,0.1087880530838733,0.331,False,198,102
Direct Success vs Direct Failure,G2,G1,6,dir_consistency,0.24670697444663262,0.051,False,198,102
Direct Success vs Direct Failure,G2,G1,7,dir_consistency,0.6265427485158842,0.0,True,198,102
Direct Success vs Direct Failure,G2,G1,8,dir_consistency,0.6558706094732782,0.0,True,198,102
Direct Success vs Direct Failure,G2,G1,9,dir_consistency,0.5863196828562667,0.0,True,198,102
Direct Success vs Direct Failure,G2,G1,10,dir_consistency,0.8078267038533417,0.0,True,198,102
Direct Success vs Direct Failure,G2,G1,11,dir_consistency,1.014786044598244,0.0,True,198,102
Direct Success vs Direct Failure,G2,G1,12,dir_consistency,0.9116826522118996,0.0,True,198,102
Direct Success vs Direct Failure,G2,G1,13,dir_consistency,0.8496986595072239,0.0,True,198,102
Direct Success vs Direct Failure,G2,G1,14,dir_consistency,0.796747559227547,0.0,True,198,102
Direct Success vs Direct Failure,G2,G1,15,dir_consistency,0.9680244924553844,0.0,True,198,102
Direct Success vs Direct Failure,G2,G1,16,dir_consistency,1.2148279815549459,0.0,True,198,102
Direct Success vs Direct Failure,G2,G1,17,dir_consistency,1.246672822194328,0.0,True,198,102
Direct Success vs Direct Failure,G2,G1,18,dir_consistency,1.4268650999400492,0.0,True,198,102
Direct Success vs Direct Failure,G2,G1,19,dir_consistency,1.0902679804543232,0.0,True,198,102
Direct Success vs Direct Failure,G2,G1,20,dir_consistency,0.9432818005857749,0.0,True,198,102
Direct Success vs Direct Failure,G2,G1,21,dir_consistency,1.1272258589945157,0.0,True,198,102
Direct Success vs Direct Failure,G2,G1,22,dir_consistency,0.7922268530634753,0.0,True,198,102
Direct Success vs Direct Failure,G2,G1,23,dir_consistency,0.9006995953237265,0.0,True,198,102
Direct Success vs Direct Failure,G2,G1,24,dir_consistency,0.7769130032128974,0.0,True,198,102
Direct Success vs Direct Failure,G2,G1,25,dir_consistency,0.7122939088993726,0.0,True,198,102
Direct Success vs Direct Failure,G2,G1,26,dir_consistency,0.8083008009519556,0.0,True,198,102
Direct Success vs Direct Failure,G2,G1,27,dir_consistency,1.0391001207435402,0.0,True,198,102
Direct Success vs Direct Failure,G2,G1,28,dir_consistency,0.7112846336040033,0.0,True,198,102
Direct Success vs Direct Failure,G2,G1,0,effective_dim,-2.5425030247151144,0.0,True,198,102
Direct Success vs Direct Failure,G2,G1,1,effective_dim,-2.4343258951864164,0.0,True,198,102
Direct Success vs Direct Failure,G2,G1,2,effective_dim,0.07465108610806412,0.548,False,198,102
Direct Success vs Direct Failure,G2,G1,3,effective_dim,0.05802208417586921,0.626,False,198,102
Direct Success vs Direct Failure,G2,G1,4,effective_dim,0.08683141362295511,0.487,False,198,102
Direct Success vs Direct Failure,G2,G1,5,effective_dim,0.12340393402409597,0.323,False,198,102
Direct Success vs Direct Failure,G2,G1,6,effective_dim,0.1336933038796898,0.283,False,198,102
Direct Success vs Direct Failure,G2,G1,7,effective_dim,0.12197526104494437,0.332,False,198,102
Direct Success vs Direct Failure,G2,G1,8,effective_dim,0.12291392472119277,0.327,False,198,102
Direct Success vs Direct Failure,G2,G1,9,effective_dim,0.16329802417417985,0.194,False,198,102
Direct Success vs Direct Failure,G2,G1,10,effective_dim,0.17607692247622103,0.159,False,198,102
Direct Success vs Direct Failure,G2,G1,11,effective_dim,0.16619603582989181,0.186,False,198,102
Direct Success vs Direct Failure,G2,G1,12,effective_dim,0.13150752476919797,0.294,False,198,102
Direct Success vs Direct Failure,G2,G1,13,effective_dim,0.14745301935574573,0.234,False,198,102
Direct Success vs Direct Failure,G2,G1,14,effective_dim,0.17262756398091436,0.164,False,198,102
Direct Success vs Direct Failure,G2,G1,15,effective_dim,0.21400010900124877,0.089,False,198,102
Direct Success vs Direct Failure,G2,G1,16,effective_dim,0.2459258084264686,0.05,False,198,102
Direct Success vs Direct Failure,G2,G1,17,effective_dim,0.25949851664276435,0.033,True,198,102
Direct Success vs Direct Failure,G2,G1,18,effective_dim,0.22516955554753362,0.075,False,198,102
Direct Success vs Direct Failure,G2,G1,19,effective_dim,0.2196022037426051,0.085,False,198,102
Direct Success vs Direct Failure,G2,G1,20,effective_dim,0.24851919836678696,0.047,True,198,102
Direct Success vs Direct Failure,G2,G1,21,effective_dim,0.21898369929624004,0.085,False,198,102
Direct Success vs Direct Failure,G2,G1,22,effective_dim,0.2565444313850275,0.037,True,198,102
Direct Success vs Direct Failure,G2,G1,23,effective_dim,0.2591683229142561,0.035,True,198,102
Direct Success vs Direct Failure,G2,G1,24,effective_dim,0.2781681489315282,0.023,True,198,102
Direct Success vs Direct Failure,G2,G1,25,effective_dim,0.2540463499097185,0.04,True,198,102
Direct Success vs Direct Failure,G2,G1,26,effective_dim,0.2461933608754364,0.046,True,198,102
Direct Success vs Direct Failure,G2,G1,27,effective_dim,-1.3709472368265698,0.0,True,198,102
Direct Success vs Direct Failure,G2,G1,28,effective_dim,-2.5262672457040845,0.0,True,198,102
Direct Success vs Direct Failure,G2,G1,0,radius_of_gyration,-2.1864510595849667,0.0,True,198,102
Direct Success vs Direct Failure,G2,G1,1,radius_of_gyration,-1.9609403803437777,0.0,True,198,102
Direct Success vs Direct Failure,G2,G1,2,radius_of_gyration,-0.38641860006932705,0.002,True,198,102
Direct Success vs Direct Failure,G2,G1,3,radius_of_gyration,-0.385983041496565,0.002,True,198,102
Direct Success vs Direct Failure,G2,G1,4,radius_of_gyration,-0.38597865920032587,0.002,True,198,102
Direct Success vs Direct Failure,G2,G1,5,radius_of_gyration,-0.38600725041861006,0.002,True,198,102
Direct Success vs Direct Failure,G2,G1,6,radius_of_gyration,-0.38594950896402613,0.002,True,198,102
Direct Success vs Direct Failure,G2,G1,7,radius_of_gyration,-0.3860234432727962,0.002,True,198,102
Direct Success vs Direct Failure,G2,G1,8,radius_of_gyration,-0.3860922393529794,0.002,True,198,102
Direct Success vs Direct Failure,G2,G1,9,radius_of_gyration,-0.3860346908778445,0.002,True,198,102
Direct Success vs Direct Failure,G2,G1,10,radius_of_gyration,-0.3859587454729489,0.002,True,198,102
Direct Success vs Direct Failure,G2,G1,11,radius_of_gyration,-0.38580359942847836,0.002,True,198,102
Direct Success vs Direct Failure,G2,G1,12,radius_of_gyration,-0.3857413064911265,0.002,True,198,102
Direct Success vs Direct Failure,G2,G1,13,radius_of_gyration,-0.38586933891532876,0.002,True,198,102
Direct Success vs Direct Failure,G2,G1,14,radius_of_gyration,-0.38610802206965533,0.002,True,198,102
Direct Success vs Direct Failure,G2,G1,15,radius_of_gyration,-0.3858297850031299,0.002,True,198,102
Direct Success vs Direct Failure,G2,G1,16,radius_of_gyration,-0.3861956605471037,0.002,True,198,102
Direct Success vs Direct Failure,G2,G1,17,radius_of_gyration,-0.38618957728605924,0.002,True,198,102
Direct Success vs Direct Failure,G2,G1,18,radius_of_gyration,-0.3868136102562197,0.002,True,198,102
Direct Success vs Direct Failure,G2,G1,19,radius_of_gyration,-0.38760606748609927,0.002,True,198,102
Direct Success vs Direct Failure,G2,G1,20,radius_of_gyration,-0.388718474499276,0.002,True,198,102
Direct Success vs Direct Failure,G2,G1,21,radius_of_gyration,-0.38937964151853915,0.002,True,198,102
Direct Success vs Direct Failure,G2,G1,22,radius_of_gyration,-0.39081521788097084,0.002,True,198,102
Direct Success vs Direct Failure,G2,G1,23,radius_of_gyration,-0.3893903507452606,0.002,True,198,102
Direct Success vs Direct Failure,G2,G1,24,radius_of_gyration,-0.38785867047736133,0.002,True,198,102
Direct Success vs Direct Failure,G2,G1,25,radius_of_gyration,-0.3877874529652793,0.002,True,198,102
Direct Success vs Direct Failure,G2,G1,26,radius_of_gyration,-0.388061140114764,0.002,True,198,102
Direct Success vs Direct Failure,G2,G1,27,radius_of_gyration,-0.8336522334012094,0.0,True,198,102
Direct Success vs Direct Failure,G2,G1,28,radius_of_gyration,-1.8234009817233154,0.0,True,198,102
Direct Success vs Direct Failure,G2,G1,0,msd_exponent,-1.6049976022910544,0.0,True,198,102
Direct Success vs Direct Failure,G2,G1,1,msd_exponent,-1.6104684400270226,0.0,True,198,102
Direct Success vs Direct Failure,G2,G1,2,msd_exponent,0.2972418673358652,0.015,True,198,102
Direct Success vs Direct Failure,G2,G1,3,msd_exponent,0.2944493782253667,0.016,True,198,102
Direct Success vs Direct Failure,G2,G1,4,msd_exponent,0.3063332534753055,0.014,True,198,102
Direct Success vs Direct Failure,G2,G1,5,msd_exponent,0.33298179114856824,0.007,True,198,102
Direct Success vs Direct Failure,G2,G1,6,msd_exponent,0.34096463055481185,0.007,True,198,102
Direct Success vs Direct Failure,G2,G1,7,msd_exponent,0.3409987321846857,0.007,True,198,102
Direct Success vs Direct Failure,G2,G1,8,msd_exponent,0.34192853767841375,0.007,True,198,102
Direct Success vs Direct Failure,G2,G1,9,msd_exponent,0.33797106488794926,0.007,True,198,102
Direct Success vs Direct Failure,G2,G1,10,msd_exponent,0.3428589781623084,0.007,True,198,102
Direct Success vs Direct Failure,G2,G1,11,msd_exponent,0.3427800015190289,0.007,True,198,102
Direct Success vs Direct Failure,G2,G1,12,msd_exponent,0.356026867364098,0.004,True,198,102
Direct Success vs Direct Failure,G2,G1,13,msd_exponent,0.3527411694519271,0.004,True,198,102
Direct Success vs Direct Failure,G2,G1,14,msd_exponent,0.3415036493396335,0.007,True,198,102
Direct Success vs Direct Failure,G2,G1,15,msd_exponent,0.3382978692913946,0.007,True,198,102
Direct Success vs Direct Failure,G2,G1,16,msd_exponent,0.3359440469825805,0.007,True,198,102
Direct Success vs Direct Failure,G2,G1,17,msd_exponent,0.32482984995865455,0.007,True,198,102
Direct Success vs Direct Failure,G2,G1,18,msd_exponent,0.3143381502390325,0.011,True,198,102
Direct Success vs Direct Failure,G2,G1,19,msd_exponent,0.2994466076366991,0.014,True,198,102
Direct Success vs Direct Failure,G2,G1,20,msd_exponent,0.2797705021207479,0.025,True,198,102
Direct Success vs Direct Failure,G2,G1,21,msd_exponent,0.2834209634524406,0.021,True,198,102
Direct Success vs Direct Failure,G2,G1,22,msd_exponent,0.2702610812766127,0.031,True,198,102
Direct Success vs Direct Failure,G2,G1,23,msd_exponent,0.3427299448427523,0.007,True,198,102
Direct Success vs Direct Failure,G2,G1,24,msd_exponent,0.37743068686261905,0.004,True,198,102
Direct Success vs Direct Failure,G2,G1,25,msd_exponent,0.38722101410235776,0.001,True,198,102
Direct Success vs Direct Failure,G2,G1,26,msd_exponent,0.39999108387768645,0.0,True,198,102
Direct Success vs Direct Failure,G2,G1,27,msd_exponent,0.537762454574021,0.0,True,198,102
Direct Success vs Direct Failure,G2,G1,28,msd_exponent,-2.419271705852391,0.0,True,198,102
Direct Success vs Direct Failure,G2,G1,0,cos_to_late_window,-0.30389679991366175,0.013,True,198,102
Direct Success vs Direct Failure,G2,G1,1,cos_to_late_window,-0.32463848998165096,0.01,True,198,102
Direct Success vs Direct Failure,G2,G1,2,cos_to_late_window,-0.30470932020137204,0.011,True,198,102
Direct Success vs Direct Failure,G2,G1,3,cos_to_late_window,-0.34191624893794265,0.005,True,198,102
Direct Success vs Direct Failure,G2,G1,4,cos_to_late_window,-0.4505981760551577,0.001,True,198,102
Direct Success vs Direct Failure,G2,G1,5,cos_to_late_window,-0.5857839629454527,0.0,True,198,102
Direct Success vs Direct Failure,G2,G1,6,cos_to_late_window,-0.5956662176748635,0.0,True,198,102
Direct Success vs Direct Failure,G2,G1,7,cos_to_late_window,-0.6681982200174446,0.0,True,198,102
Direct Success vs Direct Failure,G2,G1,8,cos_to_late_window,-0.6753643293788779,0.0,True,198,102
Direct Success vs Direct Failure,G2,G1,9,cos_to_late_window,-0.8018705365381771,0.0,True,198,102
Direct Success vs Direct Failure,G2,G1,10,cos_to_late_window,-0.8952080056982457,0.0,True,198,102
Direct Success vs Direct Failure,G2,G1,11,cos_to_late_window,-0.974729071969573,0.0,True,198,102
Direct Success vs Direct Failure,G2,G1,12,cos_to_late_window,-0.7959514772353149,0.0,True,198,102
Direct Success vs Direct Failure,G2,G1,13,cos_to_late_window,-0.8393195798865395,0.0,True,198,102
Direct Success vs Direct Failure,G2,G1,14,cos_to_late_window,-0.8822090072831328,0.0,True,198,102
Direct Success vs Direct Failure,G2,G1,15,cos_to_late_window,-1.1891008530906808,0.0,True,198,102
Direct Success vs Direct Failure,G2,G1,16,cos_to_late_window,-1.2137897423397823,0.0,True,198,102
Direct Success vs Direct Failure,G2,G1,17,cos_to_late_window,-1.3234000331043243,0.0,True,198,102
Direct Success vs Direct Failure,G2,G1,18,cos_to_late_window,-1.1399282188076498,0.0,True,198,102
Direct Success vs Direct Failure,G2,G1,19,cos_to_late_window,-0.9810756646156823,0.0,True,198,102
Direct Success vs Direct Failure,G2,G1,20,cos_to_late_window,-1.1830622034668692,0.0,True,198,102
Direct Success vs Direct Failure,G2,G1,21,cos_to_late_window,-1.0268438205968882,0.0,True,198,102
Direct Success vs Direct Failure,G2,G1,22,cos_to_late_window,-1.0094708535198313,0.0,True,198,102
Direct Success vs Direct Failure,G2,G1,23,cos_to_late_window,-0.9158339790172085,0.0,True,198,102
Direct Success vs Direct Failure,G2,G1,24,cos_to_late_window,-0.9301934899050376,0.0,True,198,102
Direct Success vs Direct Failure,G2,G1,25,cos_to_late_window,-0.7045012419241005,0.0,True,198,102
Direct Success vs Direct Failure,G2,G1,26,cos_to_late_window,-0.6699437027256493,0.0,True,198,102
Direct Success vs Direct Failure,G2,G1,27,cos_to_late_window,-0.681840417201421,0.0,True,198,102
Direct Success vs Direct Failure,G2,G1,28,cos_to_late_window,0.05030630498513309,0.686,False,198,102
CoT Success vs Direct Success,G4,G2,0,speed,0.9659528131226002,0.0,True,253,198
CoT Success vs Direct Success,G4,G2,1,speed,1.453985012405291,0.0,True,253,198
CoT Success vs Direct Success,G4,G2,2,speed,0.19901192754731273,0.041,True,253,198
CoT Success vs Direct Success,G4,G2,3,speed,0.2295648670177957,0.02,True,253,198
CoT Success vs Direct Success,G4,G2,4,speed,0.23382185926588384,0.019,True,253,198
CoT Success vs Direct Success,G4,G2,5,speed,0.2302504442193157,0.02,True,253,198
CoT Success vs Direct Success,G4,G2,6,speed,0.22866959820064311,0.021,True,253,198
CoT Success vs Direct Success,G4,G2,7,speed,0.23125785770065052,0.019,True,253,198
CoT Success vs Direct Success,G4,G2,8,speed,0.23769242734712612,0.017,True,253,198
CoT Success vs Direct Success,G4,G2,9,speed,0.23771858473542132,0.017,True,253,198
CoT Success vs Direct Success,G4,G2,10,speed,0.23725048155396553,0.018,True,253,198
CoT Success vs Direct Success,G4,G2,11,speed,0.23533336830220175,0.019,True,253,198
CoT Success vs Direct Success,G4,G2,12,speed,0.23305853797719717,0.019,True,253,198
CoT Success vs Direct Success,G4,G2,13,speed,0.23514523273782068,0.019,True,253,198
CoT Success vs Direct Success,G4,G2,14,speed,0.2350186650976277,0.019,True,253,198
CoT Success vs Direct Success,G4,G2,15,speed,0.2345068600273729,0.019,True,253,198
CoT Success vs Direct Success,G4,G2,16,speed,0.23530891008808885,0.019,True,253,198
CoT Success vs Direct Success,G4,G2,17,speed,0.23653180314157754,0.019,True,253,198
CoT Success vs Direct Success,G4,G2,18,speed,0.2440763828981174,0.012,True,253,198
CoT Success vs Direct Success,G4,G2,19,speed,0.2482145661409709,0.01,True,253,198
CoT Success vs Direct Success,G4,G2,20,speed,0.2426072591862657,0.013,True,253,198
CoT Success vs Direct Success,G4,G2,21,speed,0.24265443755452862,0.013,True,253,198
CoT Success vs Direct Success,G4,G2,22,speed,0.23815932519023314,0.017,True,253,198
CoT Success vs Direct Success,G4,G2,23,speed,0.19566256512282415,0.045,True,253,198
CoT Success vs Direct Success,G4,G2,24,speed,0.1460595623695454,0.127,False,253,198
CoT Success vs Direct Success,G4,G2,25,speed,0.11968619088536962,0.225,False,253,198
CoT Success vs Direct Success,G4,G2,26,speed,0.09814551260762838,0.319,False,253,198
CoT Success vs Direct Success,G4,G2,27,speed,-3.257248936959962,0.0,True,253,198
CoT Success vs Direct Success,G4,G2,28,speed,-1.943098614246326,0.0,True,253,198
CoT Success vs Direct Success,G4,G2,0,dir_consistency,-0.8185035749564219,0.0,True,253,198
CoT Success vs Direct Success,G4,G2,1,dir_consistency,-1.229253691759515,0.0,True,253,198
CoT Success vs Direct Success,G4,G2,2,dir_consistency,-0.9911326134218162,0.0,True,253,198
CoT Success vs Direct Success,G4,G2,3,dir_consistency,-1.1349252014788846,0.0,True,253,198
CoT Success vs Direct Success,G4,G2,4,dir_consistency,-1.3861021604082673,0.0,True,253,198
CoT Success vs Direct Success,G4,G2,5,dir_consistency,-0.19638464312139126,0.049,True,253,198
CoT Success vs Direct Success,G4,G2,6,dir_consistency,-0.6576460867959593,0.0,True,253,198
CoT Success vs Direct Success,G4,G2,7,dir_consistency,-1.1339255425085843,0.0,True,253,198
CoT Success vs Direct Success,G4,G2,8,dir_consistency,-1.586236021674325,0.0,True,253,198
CoT Success vs Direct Success,G4,G2,9,dir_consistency,-1.1000837718056355,0.0,True,253,198
CoT Success vs Direct Success,G4,G2,10,dir_consistency,-1.1973276004912181,0.0,True,253,198
CoT Success vs Direct Success,G4,G2,11,dir_consistency,-1.0283063376473045,0.0,True,253,198
CoT Success vs Direct Success,G4,G2,12,dir_consistency,-1.0531537910971704,0.0,True,253,198
CoT Success vs Direct Success,G4,G2,13,dir_consistency,-1.0277340986199452,0.0,True,253,198
CoT Success vs Direct Success,G4,G2,14,dir_consistency,-0.8432608316891587,0.0,True,253,198
CoT Success vs Direct Success,G4,G2,15,dir_consistency,-1.0460974367114413,0.0,True,253,198
CoT Success vs Direct Success,G4,G2,16,dir_consistency,-0.9484071659975467,0.0,True,253,198
CoT Success vs Direct Success,G4,G2,17,dir_consistency,-1.0062855202451289,0.0,True,253,198
CoT Success vs Direct Success,G4,G2,18,dir_consistency,-1.2682497329348124,0.0,True,253,198
CoT Success vs Direct Success,G4,G2,19,dir_consistency,-1.1996778493773481,0.0,True,253,198
CoT Success vs Direct Success,G4,G2,20,dir_consistency,-0.9851767654196403,0.0,True,253,198
CoT Success vs Direct Success,G4,G2,21,dir_consistency,-1.113719108106091,0.0,True,253,198
CoT Success vs Direct Success,G4,G2,22,dir_consistency,-0.39668341795397666,0.0,True,253,198
CoT Success vs Direct Success,G4,G2,23,dir_consistency,-0.694989174161882,0.0,True,253,198
CoT Success vs Direct Success,G4,G2,24,dir_consistency,-0.16831360668171863,0.065,False,253,198
CoT Success vs Direct Success,G4,G2,25,dir_consistency,0.1444524467857265,0.117,False,253,198
CoT Success vs Direct Success,G4,G2,26,dir_consistency,0.29688551871330215,0.001,True,253,198
CoT Success vs Direct Success,G4,G2,27,dir_consistency,0.4820899670795955,0.0,True,253,198
CoT Success vs Direct Success,G4,G2,28,dir_consistency,0.4464450818115454,0.0,True,253,198
CoT Success vs Direct Success,G4,G2,0,effective_dim,0.43111480438183414,0.0,True,253,198
CoT Success vs Direct Success,G4,G2,1,effective_dim,0.22943018981678132,0.015,True,253,198
CoT Success vs Direct Success,G4,G2,2,effective_dim,-0.22574621560612362,0.017,True,253,198
CoT Success vs Direct Success,G4,G2,3,effective_dim,-0.20617107726227432,0.029,True,253,198
CoT Success vs Direct Success,G4,G2,4,effective_dim,-0.21426105988831035,0.024,True,253,198
CoT Success vs Direct Success,G4,G2,5,effective_dim,-0.2613995855225503,0.007,True,253,198
CoT Success vs Direct Success,G4,G2,6,effective_dim,-0.27595177787834263,0.003,True,253,198
CoT Success vs Direct Success,G4,G2,7,effective_dim,-0.27209942158292505,0.003,True,253,198
CoT Success vs Direct Success,G4,G2,8,effective_dim,-0.26338467959183853,0.007,True,253,198
CoT Success vs Direct Success,G4,G2,9,effective_dim,-0.2818195558804633,0.002,True,253,198
CoT Success vs Direct Success,G4,G2,10,effective_dim,-0.29778267767772965,0.001,True,253,198
CoT Success vs Direct Success,G4,G2,11,effective_dim,-0.2832307644994166,0.002,True,253,198
CoT Success vs Direct Success,G4,G2,12,effective_dim,-0.2442460118826446,0.011,True,253,198
CoT Success vs Direct Success,G4,G2,13,effective_dim,-0.24591924358528314,0.011,True,253,198
CoT Success vs Direct Success,G4,G2,14,effective_dim,-0.2441228035898306,0.012,True,253,198
CoT Success vs Direct Success,G4,G2,15,effective_dim,-0.23965788151280454,0.013,True,253,198
CoT Success vs Direct Success,G4,G2,16,effective_dim,-0.2380393190853644,0.013,True,253,198
CoT Success vs Direct Success,G4,G2,17,effective_dim,-0.2762804680275151,0.003,True,253,198
CoT Success vs Direct Success,G4,G2,18,effective_dim,-0.28035898862418823,0.002,True,253,198
CoT Success vs Direct Success,G4,G2,19,effective_dim,-0.31800039065997865,0.0,True,253,198
CoT Success vs Direct Success,G4,G2,20,effective_dim,-0.358843116102116,0.0,True,253,198
CoT Success vs Direct Success,G4,G2,21,effective_dim,-0.3765264921312051,0.0,True,253,198
CoT Success vs Direct Success,G4,G2,22,effective_dim,-0.5430556582776186,0.0,True,253,198
CoT Success vs Direct Success,G4,G2,23,effective_dim,-0.6288850192114689,0.0,True,253,198
CoT Success vs Direct Success,G4,G2,24,effective_dim,-0.7435862847372798,0.0,True,253,198
CoT Success vs Direct Success,G4,G2,25,effective_dim,-0.7052216937239189,0.0,True,253,198
CoT Success vs Direct Success,G4,G2,26,effective_dim,-0.7724160230497727,0.0,True,253,198
CoT Success vs Direct Success,G4,G2,27,effective_dim,-4.170598147912333,0.0,True,253,198
CoT Success vs Direct Success,G4,G2,28,effective_dim,-2.7369928125306044,0.0,True,253,198
CoT Success vs Direct Success,G4,G2,0,radius_of_gyration,0.8598436312402687,0.0,True,253,198
CoT Success vs Direct Success,G4,G2,1,radius_of_gyration,1.098612949372533,0.0,True,253,198
CoT Success vs Direct Success,G4,G2,2,radius_of_gyration,0.18976732633478924,0.049,True,253,198
CoT Success vs Direct Success,G4,G2,3,radius_of_gyration,0.22453392936130107,0.023,True,253,198
CoT Success vs Direct Success,G4,G2,4,radius_of_gyration,0.2256732997080386,0.023,True,253,198
CoT Success vs Direct Success,G4,G2,5,radius_of_gyration,0.22595095125209652,0.023,True,253,198
CoT Success vs Direct Success,G4,G2,6,radius_of_gyration,0.22611029082999878,0.023,True,253,198
CoT Success vs Direct Success,G4,G2,7,radius_of_gyration,0.22615330140378515,0.023,True,253,198
CoT Success vs Direct Success,G4,G2,8,radius_of_gyration,0.22661755842009748,0.023,True,253,198
CoT Success vs Direct Success,G4,G2,9,radius_of_gyration,0.22677848629030994,0.023,True,253,198
CoT Success vs Direct Success,G4,G2,10,radius_of_gyration,0.2265614060622698,0.023,True,253,198
CoT Success vs Direct Success,G4,G2,11,radius_of_gyration,0.2263876778942243,0.023,True,253,198
CoT Success vs Direct Success,G4,G2,12,radius_of_gyration,0.22611311953588073,0.023,True,253,198
CoT Success vs Direct Success,G4,G2,13,radius_of_gyration,0.22636806541420923,0.023,True,253,198
CoT Success vs Direct Success,G4,G2,14,radius_of_gyration,0.22637800191276325,0.023,True,253,198
CoT Success vs Direct Success,G4,G2,15,radius_of_gyration,0.22613884457252809,0.023,True,253,198
CoT Success vs Direct Success,G4,G2,16,radius_of_gyration,0.2262722988127517,0.023,True,253,198
CoT Success vs Direct Success,G4,G2,17,radius_of_gyration,0.2260554377482394,0.023,True,253,198
CoT Success vs Direct Success,G4,G2,18,radius_of_gyration,0.22683683398070378,0.023,True,253,198
CoT Success vs Direct Success,G4,G2,19,radius_of_gyration,0.22726073322585935,0.023,True,253,198
CoT Success vs Direct Success,G4,G2,20,radius_of_gyration,0.22641363712178955,0.023,True,253,198
CoT Success vs Direct Success,G4,G2,21,radius_of_gyration,0.2257510698842545,0.023,True,253,198
CoT Success vs Direct Success,G4,G2,22,radius_of_gyration,0.2254872693053432,0.023,True,253,198
CoT Success vs Direct Success,G4,G2,23,radius_of_gyration,0.21852868616129872,0.025,True,253,198
CoT Success vs Direct Success,G4,G2,24,radius_of_gyration,0.2118767895291209,0.03,True,253,198
CoT Success vs Direct Success,G4,G2,25,radius_of_gyration,0.20810628983782328,0.034,True,253,198
CoT Success vs Direct Success,G4,G2,26,radius_of_gyration,0.20466253697032843,0.037,True,253,198
CoT Success vs Direct Success,G4,G2,27,radius_of_gyration,-2.781533235424647,0.0,True,253,198
CoT Success vs Direct Success,G4,G2,28,radius_of_gyration,-1.2467150648296845,0.0,True,253,198
CoT Success vs Direct Success,G4,G2,0,msd_exponent,-0.3780003158016532,0.0,True,253,198
CoT Success vs Direct Success,G4,G2,1,msd_exponent,-0.2191950485691985,0.025,True,253,198
CoT Success vs Direct Success,G4,G2,2,msd_exponent,-0.24418153411072271,0.011,True,253,198
CoT Success vs Direct Success,G4,G2,3,msd_exponent,-0.2553337315953294,0.009,True,253,198
CoT Success vs Direct Success,G4,G2,4,msd_exponent,-0.27572148245941014,0.003,True,253,198
CoT Success vs Direct Success,G4,G2,5,msd_exponent,-0.2683520335887983,0.003,True,253,198
CoT Success vs Direct Success,G4,G2,6,msd_exponent,-0.26229650324576964,0.004,True,253,198
CoT Success vs Direct Success,G4,G2,7,msd_exponent,-0.23891821611944977,0.017,True,253,198
CoT Success vs Direct Success,G4,G2,8,msd_exponent,-0.26477267513760633,0.003,True,253,198
CoT Success vs Direct Success,G4,G2,9,msd_exponent,-0.2648311066772956,0.003,True,253,198
CoT Success vs Direct Success,G4,G2,10,msd_exponent,-0.26898104920160065,0.003,True,253,198
CoT Success vs Direct Success,G4,G2,11,msd_exponent,-0.2610234548913876,0.004,True,253,198
CoT Success vs Direct Success,G4,G2,12,msd_exponent,-0.25500620617882763,0.009,True,253,198
CoT Success vs Direct Success,G4,G2,13,msd_exponent,-0.22621078180818222,0.02,True,253,198
CoT Success vs Direct Success,G4,G2,14,msd_exponent,-0.19774434885858616,0.043,True,253,198
CoT Success vs Direct Success,G4,G2,15,msd_exponent,-0.17953753032842926,0.066,False,253,198
CoT Success vs Direct Success,G4,G2,16,msd_exponent,-0.21935476629862402,0.024,True,253,198
CoT Success vs Direct Success,G4,G2,17,msd_exponent,-0.20955574588670223,0.031,True,253,198
CoT Success vs Direct Success,G4,G2,18,msd_exponent,-0.21641032672230354,0.027,True,253,198
CoT Success vs Direct Success,G4,G2,19,msd_exponent,-0.20873979600663187,0.032,True,253,198
CoT Success vs Direct Success,G4,G2,20,msd_exponent,-0.2240272859225931,0.023,True,253,198
CoT Success vs Direct Success,G4,G2,21,msd_exponent,-0.21487427790431793,0.029,True,253,198
CoT Success vs Direct Success,G4,G2,22,msd_exponent,-0.2064301856960018,0.034,True,253,198
CoT Success vs Direct Success,G4,G2,23,msd_exponent,-0.19576806567753247,0.044,True,253,198
CoT Success vs Direct Success,G4,G2,24,msd_exponent,-0.20069139264959687,0.042,True,253,198
CoT Success vs Direct Success,G4,G2,25,msd_exponent,-0.18631244214757112,0.059,False,253,198
CoT Success vs Direct Success,G4,G2,26,msd_exponent,-0.14757446505031743,0.128,False,253,198
CoT Success vs Direct Success,G4,G2,27,msd_exponent,0.6858498141432978,0.0,True,253,198
CoT Success vs Direct Success,G4,G2,28,msd_exponent,-0.8159618994233307,0.0,True,253,198
CoT Success vs Direct Success,G4,G2,0,cos_to_late_window,0.43689080137315256,0.0,True,253,198
CoT Success vs Direct Success,G4,G2,1,cos_to_late_window,0.84901934162639,0.0,True,253,198
CoT Success vs Direct Success,G4,G2,2,cos_to_late_window,0.9292515940231795,0.0,True,253,198
CoT Success vs Direct Success,G4,G2,3,cos_to_late_window,1.127738678576214,0.0,True,253,198
CoT Success vs Direct Success,G4,G2,4,cos_to_late_window,1.5938063899121517,0.0,True,253,198
CoT Success vs Direct Success,G4,G2,5,cos_to_late_window,1.8375368185709446,0.0,True,253,198
CoT Success vs Direct Success,G4,G2,6,cos_to_late_window,1.8102802261594595,0.0,True,253,198
CoT Success vs Direct Success,G4,G2,7,cos_to_late_window,1.740953736492596,0.0,True,253,198
CoT Success vs Direct Success,G4,G2,8,cos_to_late_window,1.5863255603905246,0.0,True,253,198
CoT Success vs Direct Success,G4,G2,9,cos_to_late_window,1.424096166421898,0.0,True,253,198
CoT Success vs Direct Success,G4,G2,10,cos_to_late_window,1.5039263696859675,0.0,True,253,198
CoT Success vs Direct Success,G4,G2,11,cos_to_late_window,1.5801557828869466,0.0,True,253,198
CoT Success vs Direct Success,G4,G2,12,cos_to_late_window,1.1989837306480475,0.0,True,253,198
CoT Success vs Direct Success,G4,G2,13,cos_to_late_window,1.3254914150311599,0.0,True,253,198
CoT Success vs Direct Success,G4,G2,14,cos_to_late_window,1.3271836313441838,0.0,True,253,198
CoT Success vs Direct Success,G4,G2,15,cos_to_late_window,1.015399488245705,0.0,True,253,198
CoT Success vs Direct Success,G4,G2,16,cos_to_late_window,1.0215677846570026,0.0,True,253,198
CoT Success vs Direct Success,G4,G2,17,cos_to_late_window,1.5536601511353483,0.0,True,253,198
CoT Success vs Direct Success,G4,G2,18,cos_to_late_window,1.92805007896355,0.0,True,253,198
CoT Success vs Direct Success,G4,G2,19,cos_to_late_window,2.110727321859463,0.0,True,253,198
CoT Success vs Direct Success,G4,G2,20,cos_to_late_window,2.2221283451783207,0.0,True,253,198
CoT Success vs Direct Success,G4,G2,21,cos_to_late_window,2.4994626104967854,0.0,True,253,198
CoT Success vs Direct Success,G4,G2,22,cos_to_late_window,3.1170460628663785,0.0,True,253,198
CoT Success vs Direct Success,G4,G2,23,cos_to_late_window,3.4279999133260435,0.0,True,253,198
CoT Success vs Direct Success,G4,G2,24,cos_to_late_window,3.600468139339674,0.0,True,253,198
CoT Success vs Direct Success,G4,G2,25,cos_to_late_window,3.5512182214242283,0.0,True,253,198
CoT Success vs Direct Success,G4,G2,26,cos_to_late_window,3.5945903643315598,0.0,True,253,198
CoT Success vs Direct Success,G4,G2,27,cos_to_late_window,3.665543665806404,0.0,True,253,198
CoT Success vs Direct Success,G4,G2,28,cos_to_late_window,2.6738694297421888,0.0,True,253,198
CoT Failure vs Direct Failure,G3,G1,0,speed,-0.8081676957049858,0.0,True,47,102
CoT Failure vs Direct Failure,G3,G1,1,speed,-0.745777036324229,0.0,True,47,102
CoT Failure vs Direct Failure,G3,G1,2,speed,-0.5923558424155206,0.001,True,47,102
CoT Failure vs Direct Failure,G3,G1,3,speed,-0.5786886220035293,0.001,True,47,102
CoT Failure vs Direct Failure,G3,G1,4,speed,-0.5743042839324503,0.001,True,47,102
CoT Failure vs Direct Failure,G3,G1,5,speed,-0.5739548450645117,0.001,True,47,102
CoT Failure vs Direct Failure,G3,G1,6,speed,-0.5732633460214442,0.001,True,47,102
CoT Failure vs Direct Failure,G3,G1,7,speed,-0.5718036571079095,0.001,True,47,102
CoT Failure vs Direct Failure,G3,G1,8,speed,-0.5624164957110134,0.001,True,47,102
CoT Failure vs Direct Failure,G3,G1,9,speed,-0.5631238136347956,0.001,True,47,102
CoT Failure vs Direct Failure,G3,G1,10,speed,-0.5636055429065839,0.001,True,47,102
CoT Failure vs Direct Failure,G3,G1,11,speed,-0.563616739570145,0.001,True,47,102
CoT Failure vs Direct Failure,G3,G1,12,speed,-0.5663370952755852,0.001,True,47,102
CoT Failure vs Direct Failure,G3,G1,13,speed,-0.5658450836465326,0.001,True,47,102
CoT Failure vs Direct Failure,G3,G1,14,speed,-0.5666750146082215,0.001,True,47,102
CoT Failure vs Direct Failure,G3,G1,15,speed,-0.5661513203793198,0.001,True,47,102
CoT Failure vs Direct Failure,G3,G1,16,speed,-0.565598099100126,0.001,True,47,102
CoT Failure vs Direct Failure,G3,G1,17,speed,-0.565616266147058,0.001,True,47,102
CoT Failure vs Direct Failure,G3,G1,18,speed,-0.5627227003407429,0.001,True,47,102
CoT Failure vs Direct Failure,G3,G1,19,speed,-0.5637971763243919,0.001,True,47,102
CoT Failure vs Direct Failure,G3,G1,20,speed,-0.5794360922781115,0.001,True,47,102
CoT Failure vs Direct Failure,G3,G1,21,speed,-0.5862040325435461,0.001,True,47,102
CoT Failure vs Direct Failure,G3,G1,22,speed,-0.6032465258915859,0.001,True,47,102
CoT Failure vs Direct Failure,G3,G1,23,speed,-0.6343959802115622,0.0,True,47,102
CoT Failure vs Direct Failure,G3,G1,24,speed,-0.6762093265679495,0.0,True,47,102
CoT Failure vs Direct Failure,G3,G1,25,speed,-0.7040862938402368,0.0,True,47,102
CoT Failure vs Direct Failure,G3,G1,26,speed,-0.7432123436984658,0.0,True,47,102
CoT Failure vs Direct Failure,G3,G1,27,speed,-5.722820007038298,0.0,True,47,102
CoT Failure vs Direct Failure,G3,G1,28,speed,-4.8212391755367054,0.0,True,47,102
CoT Failure vs Direct Failure,G3,G1,0,dir_consistency,-0.11477190598080392,0.497,False,47,102
CoT Failure vs Direct Failure,G3,G1,1,dir_consistency,-1.7271203947361213,0.0,True,47,102
CoT Failure vs Direct Failure,G3,G1,2,dir_consistency,-2.2303673114573757,0.0,True,47,102
CoT Failure vs Direct Failure,G3,G1,3,dir_consistency,-2.240483385804303,0.0,True,47,102
CoT Failure vs Direct Failure,G3,G1,4,dir_consistency,-1.9026438038300537,0.0,True,47,102
CoT Failure vs Direct Failure,G3,G1,5,dir_consistency,-1.53509804753305,0.0,True,47,102
CoT Failure vs Direct Failure,G3,G1,6,dir_consistency,-1.4630106275113655,0.0,True,47,102
CoT Failure vs Direct Failure,G3,G1,7,dir_consistency,-1.4801470843171516,0.0,True,47,102
CoT Failure vs Direct Failure,G3,G1,8,dir_consistency,-1.712683901227438,0.0,True,47,102
CoT Failure vs Direct Failure,G3,G1,9,dir_consistency,-1.3119738526638176,0.0,True,47,102
CoT Failure vs Direct Failure,G3,G1,10,dir_consistency,-1.1142705324612485,0.0,True,47,102
CoT Failure vs Direct Failure,G3,G1,11,dir_consistency,-0.9823602228936926,0.0,True,47,102
CoT Failure vs Direct Failure,G3,G1,12,dir_consistency,-1.2052383719679307,0.0,True,47,102
CoT Failure vs Direct Failure,G3,G1,13,dir_consistency,-1.2714631184678247,0.0,True,47,102
CoT Failure vs Direct Failure,G3,G1,14,dir_consistency,-1.2672091327765151,0.0,True,47,102
CoT Failure vs Direct Failure,G3,G1,15,dir_consistency,-1.1521435845138717,0.0,True,47,102
CoT Failure vs Direct Failure,G3,G1,16,dir_consistency,-0.9630253549993472,0.0,True,47,102
CoT Failure vs Direct Failure,G3,G1,17,dir_consistency,-0.9532877070598693,0.0,True,47,102
CoT Failure vs Direct Failure,G3,G1,18,dir_consistency,-0.712181358553365,0.0,True,47,102
CoT Failure vs Direct Failure,G3,G1,19,dir_consistency,-0.9302187130096617,0.0,True,47,102
CoT Failure vs Direct Failure,G3,G1,20,dir_consistency,-1.0743879759190753,0.0,True,47,102
CoT Failure vs Direct Failure,G3,G1,21,dir_consistency,-0.9631851940339283,0.0,True,47,102
CoT Failure vs Direct Failure,G3,G1,22,dir_consistency,-0.42225611716366057,0.014,True,47,102
CoT Failure vs Direct Failure,G3,G1,23,dir_consistency,-0.5491311106408839,0.001,True,47,102
CoT Failure vs Direct Failure,G3,G1,24,dir_consistency,-0.3391542415122156,0.069,False,47,102
CoT Failure vs Direct Failure,G3,G1,25,dir_consistency,0.0015105169302471002,0.997,False,47,102
CoT Failure vs Direct Failure,G3,G1,26,dir_consistency,0.24558321059558322,0.179,False,47,102
CoT Failure vs Direct Failure,G3,G1,27,dir_consistency,0.7431391965185976,0.0,True,47,102
CoT Failure vs Direct Failure,G3,G1,28,dir_consistency,-0.20288514043932715,0.239,False,47,102
CoT Failure vs Direct Failure,G3,G1,0,effective_dim,-1.5825071283532282,0.0,True,47,102
CoT Failure vs Direct Failure,G3,G1,1,effective_dim,-0.9805063124586567,0.0,True,47,102
CoT Failure vs Direct Failure,G3,G1,2,effective_dim,0.4187215924418558,0.012,True,47,102
CoT Failure vs Direct Failure,G3,G1,3,effective_dim,0.40877192165886034,0.015,True,47,102
CoT Failure vs Direct Failure,G3,G1,4,effective_dim,0.4262064993462192,0.011,True,47,102
CoT Failure vs Direct Failure,G3,G1,5,effective_dim,0.39011867216485974,0.024,True,47,102
CoT Failure vs Direct Failure,G3,G1,6,effective_dim,0.40334147992063657,0.018,True,47,102
CoT Failure vs Direct Failure,G3,G1,7,effective_dim,0.41724383037135365,0.015,True,47,102
CoT Failure vs Direct Failure,G3,G1,8,effective_dim,0.45105161582286507,0.007,True,47,102
CoT Failure vs Direct Failure,G3,G1,9,effective_dim,0.4473296389359155,0.008,True,47,102
CoT Failure vs Direct Failure,G3,G1,10,effective_dim,0.4153949185370089,0.015,True,47,102
CoT Failure vs Direct Failure,G3,G1,11,effective_dim,0.4396635757887307,0.01,True,47,102
CoT Failure vs Direct Failure,G3,G1,12,effective_dim,0.45800816478942724,0.005,True,47,102
CoT Failure vs Direct Failure,G3,G1,13,effective_dim,0.45740393534272883,0.005,True,47,102
CoT Failure vs Direct Failure,G3,G1,14,effective_dim,0.49525189290947397,0.002,True,47,102
CoT Failure vs Direct Failure,G3,G1,15,effective_dim,0.5278411099103958,0.002,True,47,102
CoT Failure vs Direct Failure,G3,G1,16,effective_dim,0.569769302894807,0.001,True,47,102
CoT Failure vs Direct Failure,G3,G1,17,effective_dim,0.5448783009004341,0.001,True,47,102
CoT Failure vs Direct Failure,G3,G1,18,effective_dim,0.488973245758635,0.002,True,47,102
CoT Failure vs Direct Failure,G3,G1,19,effective_dim,0.46573341678889546,0.005,True,47,102
CoT Failure vs Direct Failure,G3,G1,20,effective_dim,0.4339185181365344,0.011,True,47,102
CoT Failure vs Direct Failure,G3,G1,21,effective_dim,0.3743399794631931,0.033,True,47,102
CoT Failure vs Direct Failure,G3,G1,22,effective_dim,0.2578022251198656,0.152,False,47,102
CoT Failure vs Direct Failure,G3,G1,23,effective_dim,0.1627084905777626,0.362,False,47,102
CoT Failure vs Direct Failure,G3,G1,24,effective_dim,0.04637755856081799,0.807,False,47,102
CoT Failure vs Direct Failure,G3,G1,25,effective_dim,0.04300593865858426,0.815,False,47,102
CoT Failure vs Direct Failure,G3,G1,26,effective_dim,-0.02316097042662832,0.895,False,47,102
CoT Failure vs Direct Failure,G3,G1,27,effective_dim,-8.532882662440215,0.0,True,47,102
CoT Failure vs Direct Failure,G3,G1,28,effective_dim,-4.49941931613611,0.0,True,47,102
CoT Failure vs Direct Failure,G3,G1,0,radius_of_gyration,-0.6046850876555794,0.002,True,47,102
CoT Failure vs Direct Failure,G3,G1,1,radius_of_gyration,-0.9413170092998391,0.0,True,47,102
CoT Failure vs Direct Failure,G3,G1,2,radius_of_gyration,-0.5938061391053201,0.001,True,47,102
CoT Failure vs Direct Failure,G3,G1,3,radius_of_gyration,-0.575046617252611,0.001,True,47,102
CoT Failure vs Direct Failure,G3,G1,4,radius_of_gyration,-0.5738962490471682,0.001,True,47,102
CoT Failure vs Direct Failure,G3,G1,5,radius_of_gyration,-0.57346949564661,0.001,True,47,102
CoT Failure vs Direct Failure,G3,G1,6,radius_of_gyration,-0.5728940791181785,0.001,True,47,102
CoT Failure vs Direct Failure,G3,G1,7,radius_of_gyration,-0.573120419596541,0.001,True,47,102
CoT Failure vs Direct Failure,G3,G1,8,radius_of_gyration,-0.5720926747477941,0.001,True,47,102
CoT Failure vs Direct Failure,G3,G1,9,radius_of_gyration,-0.572164414232269,0.001,True,47,102
CoT Failure vs Direct Failure,G3,G1,10,radius_of_gyration,-0.5721649803901715,0.001,True,47,102
CoT Failure vs Direct Failure,G3,G1,11,radius_of_gyration,-0.572198239555364,0.001,True,47,102
CoT Failure vs Direct Failure,G3,G1,12,radius_of_gyration,-0.5727206044709838,0.001,True,47,102
CoT Failure vs Direct Failure,G3,G1,13,radius_of_gyration,-0.5726761169066835,0.001,True,47,102
CoT Failure vs Direct Failure,G3,G1,14,radius_of_gyration,-0.5729616326190051,0.001,True,47,102
CoT Failure vs Direct Failure,G3,G1,15,radius_of_gyration,-0.5729604140602186,0.001,True,47,102
CoT Failure vs Direct Failure,G3,G1,16,radius_of_gyration,-0.5730831606277635,0.001,True,47,102
CoT Failure vs Direct Failure,G3,G1,17,radius_of_gyration,-0.5734700930102914,0.001,True,47,102
CoT Failure vs Direct Failure,G3,G1,18,radius_of_gyration,-0.5733143525619628,0.001,True,47,102
CoT Failure vs Direct Failure,G3,G1,19,radius_of_gyration,-0.5738775583810587,0.001,True,47,102
CoT Failure vs Direct Failure,G3,G1,20,radius_of_gyration,-0.5763802053827725,0.001,True,47,102
CoT Failure vs Direct Failure,G3,G1,21,radius_of_gyration,-0.5783171819653592,0.001,True,47,102
CoT Failure vs Direct Failure,G3,G1,22,radius_of_gyration,-0.5802679332274799,0.001,True,47,102
CoT Failure vs Direct Failure,G3,G1,23,radius_of_gyration,-0.5866545577392014,0.001,True,47,102
CoT Failure vs Direct Failure,G3,G1,24,radius_of_gyration,-0.5927301738127214,0.001,True,47,102
CoT Failure vs Direct Failure,G3,G1,25,radius_of_gyration,-0.5961488176439721,0.001,True,47,102
CoT Failure vs Direct Failure,G3,G1,26,radius_of_gyration,-0.6009602959177399,0.001,True,47,102
CoT Failure vs Direct Failure,G3,G1,27,radius_of_gyration,-6.575139439946561,0.0,True,47,102
CoT Failure vs Direct Failure,G3,G1,28,radius_of_gyration,-3.483021984409303,0.0,True,47,102
CoT Failure vs Direct Failure,G3,G1,0,msd_exponent,-1.3046248403677294,0.0,True,47,102
CoT Failure vs Direct Failure,G3,G1,1,msd_exponent,-1.4730284516435395,0.0,True,47,102
CoT Failure vs Direct Failure,G3,G1,2,msd_exponent,0.5322445690960749,0.002,True,47,102
CoT Failure vs Direct Failure,G3,G1,3,msd_exponent,0.5117892432822178,0.002,True,47,102
CoT Failure vs Direct Failure,G3,G1,4,msd_exponent,0.49400845828035866,0.002,True,47,102
CoT Failure vs Direct Failure,G3,G1,5,msd_exponent,0.5351324082104667,0.002,True,47,102
CoT Failure vs Direct Failure,G3,G1,6,msd_exponent,0.5580799051211982,0.001,True,47,102
CoT Failure vs Direct Failure,G3,G1,7,msd_exponent,0.5700294181444274,0.001,True,47,102
CoT Failure vs Direct Failure,G3,G1,8,msd_exponent,0.5654367667317747,0.001,True,47,102
CoT Failure vs Direct Failure,G3,G1,9,msd_exponent,0.5597593607586808,0.001,True,47,102
CoT Failure vs Direct Failure,G3,G1,10,msd_exponent,0.5589225477960408,0.001,True,47,102
CoT Failure vs Direct Failure,G3,G1,11,msd_exponent,0.5685590116624355,0.001,True,47,102
CoT Failure vs Direct Failure,G3,G1,12,msd_exponent,0.5772703178836021,0.001,True,47,102
CoT Failure vs Direct Failure,G3,G1,13,msd_exponent,0.5915539349964077,0.001,True,47,102
CoT Failure vs Direct Failure,G3,G1,14,msd_exponent,0.6033073919177772,0.001,True,47,102
CoT Failure vs Direct Failure,G3,G1,15,msd_exponent,0.6043371133984756,0.001,True,47,102
CoT Failure vs Direct Failure,G3,G1,16,msd_exponent,0.5483715336958703,0.001,True,47,102
CoT Failure vs Direct Failure,G3,G1,17,msd_exponent,0.5468997930751223,0.001,True,47,102
CoT Failure vs Direct Failure,G3,G1,18,msd_exponent,0.5193432041390891,0.002,True,47,102
CoT Failure vs Direct Failure,G3,G1,19,msd_exponent,0.4951335342845682,0.002,True,47,102
CoT Failure vs Direct Failure,G3,G1,20,msd_exponent,0.46156465153566584,0.007,True,47,102
CoT Failure vs Direct Failure,G3,G1,21,msd_exponent,0.4644272714198698,0.006,True,47,102
CoT Failure vs Direct Failure,G3,G1,22,msd_exponent,0.4578846498066307,0.007,True,47,102
CoT Failure vs Direct Failure,G3,G1,23,msd_exponent,0.5306271852978475,0.001,True,47,102
CoT Failure vs Direct Failure,G3,G1,24,msd_exponent,0.5525881269792571,0.001,True,47,102
CoT Failure vs Direct Failure,G3,G1,25,msd_exponent,0.5750292868272768,0.001,True,47,102
CoT Failure vs Direct Failure,G3,G1,26,msd_exponent,0.6131948457655257,0.0,True,47,102
CoT Failure vs Direct Failure,G3,G1,27,msd_exponent,1.0766843506661905,0.0,True,47,102
CoT Failure vs Direct Failure,G3,G1,28,msd_exponent,-2.7851439905081934,0.0,True,47,102
CoT Failure vs Direct Failure,G3,G1,0,cos_to_late_window,1.4098336893514307,0.0,True,47,102
CoT Failure vs Direct Failure,G3,G1,1,cos_to_late_window,1.7064914878380821,0.0,True,47,102
CoT Failure vs Direct Failure,G3,G1,2,cos_to_late_window,1.3925958761115707,0.0,True,47,102
CoT Failure vs Direct Failure,G3,G1,3,cos_to_late_window,1.6905064020422014,0.0,True,47,102
CoT Failure vs Direct Failure,G3,G1,4,cos_to_late_window,1.2583427716371132,0.0,True,47,102
CoT Failure vs Direct Failure,G3,G1,5,cos_to_late_window,1.4900910806262653,0.0,True,47,102
CoT Failure vs Direct Failure,G3,G1,6,cos_to_late_window,1.239487988509897,0.0,True,47,102
CoT Failure vs Direct Failure,G3,G1,7,cos_to_late_window,1.1458545305954695,0.0,True,47,102
CoT Failure vs Direct Failure,G3,G1,8,cos_to_late_window,1.207285341771716,0.0,True,47,102
CoT Failure vs Direct Failure,G3,G1,9,cos_to_late_window,0.9323056964417472,0.0,True,47,102
CoT Failure vs Direct Failure,G3,G1,10,cos_to_late_window,0.802396539904034,0.0,True,47,102
CoT Failure vs Direct Failure,G3,G1,11,cos_to_late_window,0.5725355959757759,0.001,True,47,102
CoT Failure vs Direct Failure,G3,G1,12,cos_to_late_window,0.5002670493669497,0.005,True,47,102
CoT Failure vs Direct Failure,G3,G1,13,cos_to_late_window,0.601274913071402,0.0,True,47,102
CoT Failure vs Direct Failure,G3,G1,14,cos_to_late_window,0.4940527392627885,0.005,True,47,102
CoT Failure vs Direct Failure,G3,G1,15,cos_to_late_window,-0.35587206116617565,0.05,False,47,102
CoT Failure vs Direct Failure,G3,G1,16,cos_to_late_window,-0.33206672747859467,0.059,False,47,102
CoT Failure vs Direct Failure,G3,G1,17,cos_to_late_window,-0.28707039752080127,0.104,False,47,102
CoT Failure vs Direct Failure,G3,G1,18,cos_to_late_window,0.5101029236183925,0.002,True,47,102
CoT Failure vs Direct Failure,G3,G1,19,cos_to_late_window,0.8639495609013589,0.0,True,47,102
CoT Failure vs Direct Failure,G3,G1,20,cos_to_late_window,0.7799801750394082,0.0,True,47,102
CoT Failure vs Direct Failure,G3,G1,21,cos_to_late_window,1.5049464683556428,0.0,True,47,102
CoT Failure vs Direct Failure,G3,G1,22,cos_to_late_window,2.032564183379116,0.0,True,47,102
CoT Failure vs Direct Failure,G3,G1,23,cos_to_late_window,3.00414440896506,0.0,True,47,102
CoT Failure vs Direct Failure,G3,G1,24,cos_to_late_window,3.249169245644576,0.0,True,47,102
CoT Failure vs Direct Failure,G3,G1,25,cos_to_late_window,3.869877063870213,0.0,True,47,102
CoT Failure vs Direct Failure,G3,G1,26,cos_to_late_window,4.087515561520898,0.0,True,47,102
CoT Failure vs Direct Failure,G3,G1,27,cos_to_late_window,4.313521527030607,0.0,True,47,102
CoT Failure vs Direct Failure,G3,G1,28,cos_to_late_window,5.545537804829776,0.0,True,47,102
CoT Success vs Direct Failure,G4,G1,0,speed,-1.0853649244868444,0.0,True,253,102
CoT Success vs Direct Failure,G4,G1,1,speed,-0.7554220084111472,0.0,True,253,102
CoT Success vs Direct Failure,G4,G1,2,speed,-0.21704944978415014,0.062,False,253,102
CoT Success vs Direct Failure,G4,G1,3,speed,-0.16801484537976058,0.133,False,253,102
CoT Success vs Direct Failure,G4,G1,4,speed,-0.1632837823833355,0.156,False,253,102
CoT Success vs Direct Failure,G4,G1,5,speed,-0.16452883856106465,0.148,False,253,102
CoT Success vs Direct Failure,G4,G1,6,speed,-0.16407026343603703,0.153,False,253,102
CoT Success vs Direct Failure,G4,G1,7,speed,-0.16220756009225895,0.163,False,253,102
CoT Success vs Direct Failure,G4,G1,8,speed,-0.15709758054562817,0.182,False,253,102
CoT Success vs Direct Failure,G4,G1,9,speed,-0.15663839230771692,0.183,False,253,102
CoT Success vs Direct Failure,G4,G1,10,speed,-0.1571122553031699,0.182,False,253,102
CoT Success vs Direct Failure,G4,G1,11,speed,-0.15741891970960528,0.181,False,253,102
CoT Success vs Direct Failure,G4,G1,12,speed,-0.15765302030610923,0.181,False,253,102
CoT Success vs Direct Failure,G4,G1,13,speed,-0.15624766482915523,0.184,False,253,102
CoT Success vs Direct Failure,G4,G1,14,speed,-0.15736741388147868,0.182,False,253,102
CoT Success vs Direct Failure,G4,G1,15,speed,-0.15593102504282197,0.185,False,253,102
CoT Success vs Direct Failure,G4,G1,16,speed,-0.15638517857597314,0.183,False,253,102
CoT Success vs Direct Failure,G4,G1,17,speed,-0.15478734680894363,0.188,False,253,102
CoT Success vs Direct Failure,G4,G1,18,speed,-0.15075340642275115,0.195,False,253,102
CoT Success vs Direct Failure,G4,G1,19,speed,-0.151055703137909,0.195,False,253,102
CoT Success vs Direct Failure,G4,G1,20,speed,-0.16348474841766014,0.156,False,253,102
CoT Success vs Direct Failure,G4,G1,21,speed,-0.16572910869329663,0.144,False,253,102
CoT Success vs Direct Failure,G4,G1,22,speed,-0.17766683752085868,0.118,False,253,102
CoT Success vs Direct Failure,G4,G1,23,speed,-0.19938930547514905,0.078,False,253,102
CoT Success vs Direct Failure,G4,G1,24,speed,-0.22985299205696247,0.049,True,253,102
CoT Success vs Direct Failure,G4,G1,25,speed,-0.24979658914760827,0.029,True,253,102
CoT Success vs Direct Failure,G4,G1,26,speed,-0.272349739550666,0.019,True,253,102
CoT Success vs Direct Failure,G4,G1,27,speed,-3.86172163525547,0.0,True,253,102
CoT Success vs Direct Failure,G4,G1,28,speed,-4.99104925683293,0.0,True,253,102
CoT Success vs Direct Failure,G4,G1,0,dir_consistency,0.301344074695207,0.01,True,253,102
CoT Success vs Direct Failure,G4,G1,1,dir_consistency,-0.25777026017854227,0.025,True,253,102
CoT Success vs Direct Failure,G4,G1,2,dir_consistency,-0.48781060075726085,0.0,True,253,102
CoT Success vs Direct Failure,G4,G1,3,dir_consistency,-0.6819412321941364,0.0,True,253,102
CoT Success vs Direct Failure,G4,G1,4,dir_consistency,-0.5390902075114404,0.0,True,253,102
CoT Success vs Direct Failure,G4,G1,5,dir_consistency,-0.1040250294387954,0.364,False,253,102
CoT Success vs Direct Failure,G4,G1,6,dir_consistency,-0.43032691990056726,0.001,True,253,102
CoT Success vs Direct Failure,G4,G1,7,dir_consistency,-0.5737069101758472,0.0,True,253,102
CoT Success vs Direct Failure,G4,G1,8,dir_consistency,-0.9547564101684068,0.0,True,253,102
CoT Success vs Direct Failure,G4,G1,9,dir_consistency,-0.5176050299330939,0.0,True,253,102
CoT Success vs Direct Failure,G4,G1,10,dir_consistency,-0.3936907697858726,0.0,True,253,102
CoT Success vs Direct Failure,G4,G1,11,dir_consistency,-0.045615417424817686,0.697,False,253,102
CoT Success vs Direct Failure,G4,G1,12,dir_consistency,-0.1992545905789583,0.085,False,253,102
CoT Success vs Direct Failure,G4,G1,13,dir_consistency,-0.25188133838601373,0.026,True,253,102
CoT Success vs Direct Failure,G4,G1,14,dir_consistency,-0.15463377195526573,0.178,False,253,102
CoT Success vs Direct Failure,G4,G1,15,dir_consistency,-0.1800520863636337,0.118,False,253,102
CoT Success vs Direct Failure,G4,G1,16,dir_consistency,0.09027156123115734,0.451,False,253,102
CoT Success vs Direct Failure,G4,G1,17,dir_consistency,0.04596034249356781,0.704,False,253,102
CoT Success vs Direct Failure,G4,G1,18,dir_consistency,0.0571876296041851,0.632,False,253,102
CoT Success vs Direct Failure,G4,G1,19,dir_consistency,-0.110223038311178,0.353,False,253,102
CoT Success vs Direct Failure,G4,G1,20,dir_consistency,-0.07614416673046899,0.505,False,253,102
CoT Success vs Direct Failure,G4,G1,21,dir_consistency,-0.04610284945981769,0.687,False,253,102
CoT Success vs Direct Failure,G4,G1,22,dir_consistency,0.3157160188986246,0.007,True,253,102
CoT Success vs Direct Failure,G4,G1,23,dir_consistency,0.16686864964044806,0.135,False,253,102
CoT Success vs Direct Failure,G4,G1,24,dir_consistency,0.5107873271315205,0.0,True,253,102
CoT Success vs Direct Failure,G4,G1,25,dir_consistency,0.7583153275095544,0.0,True,253,102
CoT Success vs Direct Failure,G4,G1,26,dir_consistency,0.9803934463413924,0.0,True,253,102
CoT Success vs Direct Failure,G4,G1,27,dir_consistency,1.343656484436036,0.0,True,253,102
CoT Success vs Direct Failure,G4,G1,28,dir_consistency,0.9492670593970894,0.0,True,253,102
CoT Success vs Direct Failure,G4,G1,0,effective_dim,-2.2938209355857935,0.0,True,253,102
CoT Success vs Direct Failure,G4,G1,1,effective_dim,-2.19507772792075,0.0,True,253,102
CoT Success vs Direct Failure,G4,G1,2,effective_dim,-0.12792490613540167,0.266,False,253,102
CoT Success vs Direct Failure,G4,G1,3,effective_dim,-0.12561542076687407,0.276,False,253,102
CoT Success vs Direct Failure,G4,G1,4,effective_dim,-0.10743332821683825,0.356,False,253,102
CoT Success vs Direct Failure,G4,G1,5,effective_dim,-0.11551679087853149,0.317,False,253,102
CoT Success vs Direct Failure,G4,G1,6,effective_dim,-0.1189146985555576,0.305,False,253,102
CoT Success vs Direct Failure,G4,G1,7,effective_dim,-0.12584505713299787,0.274,False,253,102
CoT Success vs Direct Failure,G4,G1,8,effective_dim,-0.11778703599262887,0.308,False,253,102
CoT Success vs Direct Failure,G4,G1,9,effective_dim,-0.09845160655159492,0.397,False,253,102
CoT Success vs Direct Failure,G4,G1,10,effective_dim,-0.10053522196168783,0.386,False,253,102
CoT Success vs Direct Failure,G4,G1,11,effective_dim,-0.09697176802985556,0.401,False,253,102
CoT Success vs Direct Failure,G4,G1,12,effective_dim,-0.0942183226812496,0.413,False,253,102
CoT Success vs Direct Failure,G4,G1,13,effective_dim,-0.0819354328977187,0.473,False,253,102
CoT Success vs Direct Failure,G4,G1,14,effective_dim,-0.05897895902616702,0.602,False,253,102
CoT Success vs Direct Failure,G4,G1,15,effective_dim,-0.020086871494741348,0.866,False,253,102
CoT Success vs Direct Failure,G4,G1,16,effective_dim,0.008186359984281489,0.946,False,253,102
CoT Success vs Direct Failure,G4,G1,17,effective_dim,-0.01144742086286224,0.921,False,253,102
CoT Success vs Direct Failure,G4,G1,18,effective_dim,-0.04379144977876385,0.707,False,253,102
CoT Success vs Direct Failure,G4,G1,19,effective_dim,-0.07973366203452975,0.488,False,253,102
CoT Success vs Direct Failure,G4,G1,20,effective_dim,-0.08870657099785043,0.439,False,253,102
CoT Success vs Direct Failure,G4,G1,21,effective_dim,-0.12858200167741685,0.256,False,253,102
CoT Success vs Direct Failure,G4,G1,22,effective_dim,-0.23439391759980435,0.044,True,253,102
CoT Success vs Direct Failure,G4,G1,23,effective_dim,-0.30378217508621225,0.009,True,253,102
CoT Success vs Direct Failure,G4,G1,24,effective_dim,-0.38361499521290565,0.0,True,253,102
CoT Success vs Direct Failure,G4,G1,25,effective_dim,-0.37363757351980115,0.0,True,253,102
CoT Success vs Direct Failure,G4,G1,26,effective_dim,-0.4381647745107778,0.0,True,253,102
CoT Success vs Direct Failure,G4,G1,27,effective_dim,-8.622863664023928,0.0,True,253,102
CoT Success vs Direct Failure,G4,G1,28,effective_dim,-6.14705084777261,0.0,True,253,102
CoT Success vs Direct Failure,G4,G1,0,radius_of_gyration,-1.8519766158720048,0.0,True,253,102
CoT Success vs Direct Failure,G4,G1,1,radius_of_gyration,-1.2430291021476376,0.0,True,253,102
CoT Success vs Direct Failure,G4,G1,2,radius_of_gyration,-0.2092149362980143,0.071,False,253,102
CoT Success vs Direct Failure,G4,G1,3,radius_of_gyration,-0.1612461964245961,0.163,False,253,102
CoT Success vs Direct Failure,G4,G1,4,radius_of_gyration,-0.1599742253174223,0.171,False,253,102
CoT Success vs Direct Failure,G4,G1,5,radius_of_gyration,-0.15957009225961546,0.175,False,253,102
CoT Success vs Direct Failure,G4,G1,6,radius_of_gyration,-0.15907436470667086,0.175,False,253,102
CoT Success vs Direct Failure,G4,G1,7,radius_of_gyration,-0.15911404948875663,0.175,False,253,102
CoT Success vs Direct Failure,G4,G1,8,radius_of_gyration,-0.15881907453141372,0.175,False,253,102
CoT Success vs Direct Failure,G4,G1,9,radius_of_gyration,-0.15863849533306484,0.175,False,253,102
CoT Success vs Direct Failure,G4,G1,10,radius_of_gyration,-0.15874770847183434,0.175,False,253,102
CoT Success vs Direct Failure,G4,G1,11,radius_of_gyration,-0.15873897145493993,0.175,False,253,102
CoT Success vs Direct Failure,G4,G1,12,radius_of_gyration,-0.15891796378531703,0.175,False,253,102
CoT Success vs Direct Failure,G4,G1,13,radius_of_gyration,-0.158849291500018,0.175,False,253,102
CoT Success vs Direct Failure,G4,G1,14,radius_of_gyration,-0.15908121967917255,0.175,False,253,102
CoT Success vs Direct Failure,G4,G1,15,radius_of_gyration,-0.15903767589347384,0.175,False,253,102
CoT Success vs Direct Failure,G4,G1,16,radius_of_gyration,-0.15926339028109726,0.175,False,253,102
CoT Success vs Direct Failure,G4,G1,17,radius_of_gyration,-0.15946560589502892,0.175,False,253,102
CoT Success vs Direct Failure,G4,G1,18,radius_of_gyration,-0.15945825594589463,0.175,False,253,102
CoT Success vs Direct Failure,G4,G1,19,radius_of_gyration,-0.1598759034274418,0.173,False,253,102
CoT Success vs Direct Failure,G4,G1,20,radius_of_gyration,-0.16163895392488026,0.163,False,253,102
CoT Success vs Direct Failure,G4,G1,21,radius_of_gyration,-0.1628895603975438,0.157,False,253,102
CoT Success vs Direct Failure,G4,G1,22,radius_of_gyration,-0.16452209858736122,0.148,False,253,102
CoT Success vs Direct Failure,G4,G1,23,radius_of_gyration,-0.1690536209480621,0.128,False,253,102
CoT Success vs Direct Failure,G4,G1,24,radius_of_gyration,-0.1732752055289761,0.122,False,253,102
CoT Success vs Direct Failure,G4,G1,25,radius_of_gyration,-0.17649403792980073,0.119,False,253,102
CoT Success vs Direct Failure,G4,G1,26,radius_of_gyration,-0.17973517554160445,0.116,False,253,102
CoT Success vs Direct Failure,G4,G1,27,radius_of_gyration,-4.031930586771969,0.0,True,253,102
CoT Success vs Direct Failure,G4,G1,28,radius_of_gyration,-4.681915355815413,0.0,True,253,102
CoT Success vs Direct Failure,G4,G1,0,msd_exponent,-2.2129567734270417,0.0,True,253,102
CoT Success vs Direct Failure,G4,G1,1,msd_exponent,-1.7316514202445237,0.0,True,253,102
CoT Success vs Direct Failure,G4,G1,2,msd_exponent,0.0474125443658434,0.661,False,253,102
CoT Success vs Direct Failure,G4,G1,3,msd_exponent,0.03545039035157903,0.787,False,253,102
CoT Success vs Direct Failure,G4,G1,4,msd_exponent,0.02901993858769947,0.801,False,253,102
CoT Success vs Direct Failure,G4,G1,5,msd_exponent,0.05752748799007669,0.611,False,253,102
CoT Success vs Direct Failure,G4,G1,6,msd_exponent,0.06916205932880301,0.585,False,253,102
CoT Success vs Direct Failure,G4,G1,7,msd_exponent,0.08817223582781063,0.443,False,253,102
CoT Success vs Direct Failure,G4,G1,8,msd_exponent,0.06815966496231594,0.586,False,253,102
CoT Success vs Direct Failure,G4,G1,9,msd_exponent,0.06487534999444064,0.604,False,253,102
CoT Success vs Direct Failure,G4,G1,10,msd_exponent,0.06563809895914573,0.602,False,253,102
CoT Success vs Direct Failure,G4,G1,11,msd_exponent,0.07200534052958893,0.55,False,253,102
CoT Success vs Direct Failure,G4,G1,12,msd_exponent,0.08800373589945004,0.443,False,253,102
CoT Success vs Direct Failure,G4,G1,13,msd_exponent,0.10849216886225697,0.335,False,253,102
CoT Success vs Direct Failure,G4,G1,14,msd_exponent,0.12195560533308593,0.308,False,253,102
CoT Success vs Direct Failure,G4,G1,15,msd_exponent,0.1339659072567465,0.255,False,253,102
CoT Success vs Direct Failure,G4,G1,16,msd_exponent,0.099946717821997,0.41,False,253,102
CoT Success vs Direct Failure,G4,G1,17,msd_exponent,0.09871723240282942,0.424,False,253,102
CoT Success vs Direct Failure,G4,G1,18,msd_exponent,0.084615745491737,0.444,False,253,102
CoT Success vs Direct Failure,G4,G1,19,msd_exponent,0.07834170218129016,0.48,False,253,102
CoT Success vs Direct Failure,G4,G1,20,msd_exponent,0.049100616639444844,0.652,False,253,102
CoT Success vs Direct Failure,G4,G1,21,msd_exponent,0.05951127781418661,0.61,False,253,102
CoT Success vs Direct Failure,G4,G1,22,msd_exponent,0.05524348644683543,0.616,False,253,102
CoT Success vs Direct Failure,G4,G1,23,msd_exponent,0.12392590854299655,0.3,False,253,102
CoT Success vs Direct Failure,G4,G1,24,msd_exponent,0.14818950625159033,0.197,False,253,102
CoT Success vs Direct Failure,G4,G1,25,msd_exponent,0.16773403085437885,0.14,False,253,102
CoT Success vs Direct Failure,G4,G1,26,msd_exponent,0.2090453044194341,0.072,False,253,102
CoT Success vs Direct Failure,G4,G1,27,msd_exponent,1.0213532051783836,0.0,True,253,102
CoT Success vs Direct Failure,G4,G1,28,msd_exponent,-3.530574520443572,0.0,True,253,102
CoT Success vs Direct Failure,G4,G1,0,cos_to_late_window,0.12511225496055203,0.28,False,253,102
CoT Success vs Direct Failure,G4,G1,1,cos_to_late_window,0.9097427398426781,0.0,True,253,102
CoT Success vs Direct Failure,G4,G1,2,cos_to_late_window,1.0233388851987624,0.0,True,253,102
CoT Success vs Direct Failure,G4,G1,3,cos_to_late_window,1.2679497239483262,0.0,True,253,102
CoT Success vs Direct Failure,G4,G1,4,cos_to_late_window,1.7925416718829528,0.0,True,253,102
CoT Success vs Direct Failure,G4,G1,5,cos_to_late_window,1.7818838523218072,0.0,True,253,102
CoT Success vs Direct Failure,G4,G1,6,cos_to_late_window,1.7811739683148817,0.0,True,253,102
CoT Success vs Direct Failure,G4,G1,7,cos_to_late_window,1.5170127786931493,0.0,True,253,102
CoT Success vs Direct Failure,G4,G1,8,cos_to_late_window,1.2926538798331872,0.0,True,253,102
CoT Success vs Direct Failure,G4,G1,9,cos_to_late_window,0.7116701017924691,0.0,True,253,102
CoT Success vs Direct Failure,G4,G1,10,cos_to_late_window,0.6209503738466331,0.0,True,253,102
CoT Success vs Direct Failure,G4,G1,11,cos_to_late_window,0.5732010039099195,0.0,True,253,102
CoT Success vs Direct Failure,G4,G1,12,cos_to_late_window,0.3746950902445999,0.0,True,253,102
CoT Success vs Direct Failure,G4,G1,13,cos_to_late_window,0.4627304993649632,0.0,True,253,102
CoT Success vs Direct Failure,G4,G1,14,cos_to_late_window,0.38143309602003594,0.0,True,253,102
CoT Success vs Direct Failure,G4,G1,15,cos_to_late_window,-0.5379036595186173,0.0,True,253,102
CoT Success vs Direct Failure,G4,G1,16,cos_to_late_window,-0.6405381648794646,0.0,True,253,102
CoT Success vs Direct Failure,G4,G1,17,cos_to_late_window,-0.17930781913966623,0.118,False,253,102
CoT Success vs Direct Failure,G4,G1,18,cos_to_late_window,0.7891863014127303,0.0,True,253,102
CoT Success vs Direct Failure,G4,G1,19,cos_to_late_window,1.6518081634508093,0.0,True,253,102
CoT Success vs Direct Failure,G4,G1,20,cos_to_late_window,1.0681689000874808,0.0,True,253,102
CoT Success vs Direct Failure,G4,G1,21,cos_to_late_window,2.137578169343657,0.0,True,253,102
CoT Success vs Direct Failure,G4,G1,22,cos_to_late_window,3.3107028970817183,0.0,True,253,102
CoT Success vs Direct Failure,G4,G1,23,cos_to_late_window,4.380287317456337,0.0,True,253,102
CoT Success vs Direct Failure,G4,G1,24,cos_to_late_window,4.488971902801736,0.0,True,253,102
CoT Success vs Direct Failure,G4,G1,25,cos_to_late_window,5.049765193177075,0.0,True,253,102
CoT Success vs Direct Failure,G4,G1,26,cos_to_late_window,5.1631207394914895,0.0,True,253,102
CoT Success vs Direct Failure,G4,G1,27,cos_to_late_window,4.581799457962085,0.0,True,253,102
CoT Success vs Direct Failure,G4,G1,28,cos_to_late_window,6.913011686679577,0.0,True,253,102
CoT Failure vs Direct Success,G3,G2,0,speed,1.2577950843236347,0.0,True,47,198
CoT Failure vs Direct Success,G3,G2,1,speed,1.4215111445022934,0.0,True,47,198
CoT Failure vs Direct Success,G3,G2,2,speed,-0.2237927222535968,0.169,False,47,198
CoT Failure vs Direct Success,G3,G2,3,speed,-0.21756217918900933,0.193,False,47,198
CoT Failure vs Direct Success,G3,G2,4,speed,-0.2133565622166844,0.213,False,47,198
CoT Failure vs Direct Success,G3,G2,5,speed,-0.21496698461530575,0.21,False,47,198
CoT Failure vs Direct Success,G3,G2,6,speed,-0.21605496973158725,0.208,False,47,198
CoT Failure vs Direct Success,G3,G2,7,speed,-0.21379328726636251,0.213,False,47,198
CoT Failure vs Direct Success,G3,G2,8,speed,-0.20204645475643765,0.263,False,47,198
CoT Failure vs Direct Success,G3,G2,9,speed,-0.20352764403854115,0.251,False,47,198
CoT Failure vs Direct Success,G3,G2,10,speed,-0.20403818078924235,0.25,False,47,198
CoT Failure vs Direct Success,G3,G2,11,speed,-0.2055182509348984,0.237,False,47,198
CoT Failure vs Direct Success,G3,G2,12,speed,-0.21075265841863763,0.223,False,47,198
CoT Failure vs Direct Success,G3,G2,13,speed,-0.20956309229867248,0.225,False,47,198
CoT Failure vs Direct Success,G3,G2,14,speed,-0.20933933772578128,0.226,False,47,198
CoT Failure vs Direct Success,G3,G2,15,speed,-0.21089148384988177,0.221,False,47,198
CoT Failure vs Direct Success,G3,G2,16,speed,-0.2089659616934779,0.228,False,47,198
CoT Failure vs Direct Success,G3,G2,17,speed,-0.2095524090457452,0.225,False,47,198
CoT Failure vs Direct Success,G3,G2,18,speed,-0.20281249056213707,0.258,False,47,198
CoT Failure vs Direct Success,G3,G2,19,speed,-0.19946581211851133,0.28,False,47,198
CoT Failure vs Direct Success,G3,G2,20,speed,-0.209197179192742,0.226,False,47,198
CoT Failure vs Direct Success,G3,G2,21,speed,-0.2145415021783226,0.209,False,47,198
CoT Failure vs Direct Success,G3,G2,22,speed,-0.2255945977454222,0.162,False,47,198
CoT Failure vs Direct Success,G3,G2,23,speed,-0.2830290886897706,0.087,False,47,198
CoT Failure vs Direct Success,G3,G2,24,speed,-0.35137107391552735,0.037,True,47,198
CoT Failure vs Direct Success,G3,G2,25,speed,-0.3899435024179153,0.016,True,47,198
CoT Failure vs Direct Success,G3,G2,26,speed,-0.4322026256777466,0.004,True,47,198
CoT Failure vs Direct Success,G3,G2,27,speed,-4.278260066081655,0.0,True,47,198
CoT Failure vs Direct Success,G3,G2,28,speed,-1.8890895267819272,0.0,True,47,198
CoT Failure vs Direct Success,G3,G2,0,dir_consistency,-1.1431040388628253,0.0,True,47,198
CoT Failure vs Direct Success,G3,G2,1,dir_consistency,-2.4600898797657784,0.0,True,47,198
CoT Failure vs Direct Success,G3,G2,2,dir_consistency,-2.673542910750428,0.0,True,47,198
CoT Failure vs Direct Success,G3,G2,3,dir_consistency,-2.7224016211593174,0.0,True,47,198
CoT Failure vs Direct Success,G3,G2,4,dir_consistency,-2.7204330879498255,0.0,True,47,198
CoT Failure vs Direct Success,G3,G2,5,dir_consistency,-1.5847148779361646,0.0,True,47,198
CoT Failure vs Direct Success,G3,G2,6,dir_consistency,-1.7703797428294,0.0,True,47,198
CoT Failure vs Direct Success,G3,G2,7,dir_consistency,-2.1850577561376685,0.0,True,47,198
CoT Failure vs Direct Success,G3,G2,8,dir_consistency,-2.453375196139276,0.0,True,47,198
CoT Failure vs Direct Success,G3,G2,9,dir_consistency,-1.9433258483481217,0.0,True,47,198
CoT Failure vs Direct Success,G3,G2,10,dir_consistency,-1.9936242933794424,0.0,True,47,198
CoT Failure vs Direct Success,G3,G2,11,dir_consistency,-2.075406784116539,0.0,True,47,198
CoT Failure vs Direct Success,G3,G2,12,dir_consistency,-2.227463199552661,0.0,True,47,198
CoT Failure vs Direct Success,G3,G2,13,dir_consistency,-2.2173478220725067,0.0,True,47,198
CoT Failure vs Direct Success,G3,G2,14,dir_consistency,-2.16324802805282,0.0,True,47,198
CoT Failure vs Direct Success,G3,G2,15,dir_consistency,-2.2630459787430115,0.0,True,47,198
CoT Failure vs Direct Success,G3,G2,16,dir_consistency,-2.3647375506516415,0.0,True,47,198
CoT Failure vs Direct Success,G3,G2,17,dir_consistency,-2.4481385281709294,0.0,True,47,198
CoT Failure vs Direct Success,G3,G2,18,dir_consistency,-2.481845575997789,0.0,True,47,198
CoT Failure vs Direct Success,G3,G2,19,dir_consistency,-2.2830353890818444,0.0,True,47,198
CoT Failure vs Direct Success,G3,G2,20,dir_consistency,-2.3638928634734473,0.0,True,47,198
CoT Failure vs Direct Success,G3,G2,21,dir_consistency,-2.506563398894955,0.0,True,47,198
CoT Failure vs Direct Success,G3,G2,22,dir_consistency,-1.4445447077980211,0.0,True,47,198
CoT Failure vs Direct Success,G3,G2,23,dir_consistency,-1.81039783238725,0.0,True,47,198
CoT Failure vs Direct Success,G3,G2,24,dir_consistency,-1.4169049250857606,0.0,True,47,198
CoT Failure vs Direct Success,G3,G2,25,dir_consistency,-0.8488376726641337,0.0,True,47,198
CoT Failure vs Direct Success,G3,G2,26,dir_consistency,-0.618604759216043,0.0,True,47,198
CoT Failure vs Direct Success,G3,G2,27,dir_consistency,-0.24789911776046103,0.122,False,47,198
CoT Failure vs Direct Success,G3,G2,28,dir_consistency,-0.8871115309008193,0.0,True,47,198
CoT Failure vs Direct Success,G3,G2,0,effective_dim,1.111639665098381,0.0,True,47,198
CoT Failure vs Direct Success,G3,G2,1,effective_dim,1.5886242028459696,0.0,True,47,198
CoT Failure vs Direct Success,G3,G2,2,effective_dim,0.4732478601790321,0.001,True,47,198
CoT Failure vs Direct Success,G3,G2,3,effective_dim,0.4853048879339165,0.001,True,47,198
CoT Failure vs Direct Success,G3,G2,4,effective_dim,0.46680228815852676,0.002,True,47,198
CoT Failure vs Direct Success,G3,G2,5,effective_dim,0.3654066077194635,0.021,True,47,198
CoT Failure vs Direct Success,G3,G2,6,effective_dim,0.3678662301738392,0.02,True,47,198
CoT Failure vs Direct Success,G3,G2,7,effective_dim,0.4027496300444578,0.012,True,47,198
CoT Failure vs Direct Success,G3,G2,8,effective_dim,0.44621723166443317,0.004,True,47,198
CoT Failure vs Direct Success,G3,G2,9,effective_dim,0.3833264213076241,0.016,True,47,198
CoT Failure vs Direct Success,G3,G2,10,effective_dim,0.3240593650163422,0.044,True,47,198
CoT Failure vs Direct Success,G3,G2,11,effective_dim,0.3697878846724265,0.02,True,47,198
CoT Failure vs Direct Success,G3,G2,12,effective_dim,0.44378655619622204,0.004,True,47,198
CoT Failure vs Direct Success,G3,G2,13,effective_dim,0.4197366994009542,0.01,True,47,198
CoT Failure vs Direct Success,G3,G2,14,effective_dim,0.432523470011144,0.008,True,47,198
CoT Failure vs Direct Success,G3,G2,15,effective_dim,0.4152708081567371,0.01,True,47,198
CoT Failure vs Direct Success,G3,G2,16,effective_dim,0.4219404606150091,0.009,True,47,198
CoT Failure vs Direct Success,G3,G2,17,effective_dim,0.3714303460787879,0.021,True,47,198
CoT Failure vs Direct Success,G3,G2,18,effective_dim,0.3494248085593753,0.031,True,47,198
CoT Failure vs Direct Success,G3,G2,19,effective_dim,0.32742830762636776,0.042,True,47,198
CoT Failure vs Direct Success,G3,G2,20,effective_dim,0.24686599255392286,0.134,False,47,198
CoT Failure vs Direct Success,G3,G2,21,effective_dim,0.21189690978878975,0.221,False,47,198
CoT Failure vs Direct Success,G3,G2,22,effective_dim,0.015198595067374287,0.917,False,47,198
CoT Failure vs Direct Success,G3,G2,23,effective_dim,-0.10623627370131418,0.526,False,47,198
CoT Failure vs Direct Success,G3,G2,24,effective_dim,-0.2717781793147518,0.1,False,47,198
CoT Failure vs Direct Success,G3,G2,25,effective_dim,-0.24810661153929506,0.135,False,47,198
CoT Failure vs Direct Success,G3,G2,26,effective_dim,-0.3203578327019754,0.047,True,47,198
CoT Failure vs Direct Success,G3,G2,27,effective_dim,-3.3345896074613637,0.0,True,47,198
CoT Failure vs Direct Success,G3,G2,28,effective_dim,-2.017174231488588,0.0,True,47,198
CoT Failure vs Direct Success,G3,G2,0,radius_of_gyration,1.7804391261061772,0.0,True,47,198
CoT Failure vs Direct Success,G3,G2,1,radius_of_gyration,1.2463771921884965,0.0,True,47,198
CoT Failure vs Direct Success,G3,G2,2,radius_of_gyration,-0.24217000111730116,0.134,False,47,198
CoT Failure vs Direct Success,G3,G2,3,radius_of_gyration,-0.22544558432159795,0.159,False,47,198
CoT Failure vs Direct Success,G3,G2,4,radius_of_gyration,-0.22418471594535277,0.159,False,47,198
CoT Failure vs Direct Success,G3,G2,5,radius_of_gyration,-0.22368419409586218,0.159,False,47,198
CoT Failure vs Direct Success,G3,G2,6,radius_of_gyration,-0.2231720330660206,0.159,False,47,198
CoT Failure vs Direct Success,G3,G2,7,radius_of_gyration,-0.22333409463272252,0.159,False,47,198
CoT Failure vs Direct Success,G3,G2,8,radius_of_gyration,-0.22202054022015147,0.183,False,47,198
CoT Failure vs Direct Success,G3,G2,9,radius_of_gyration,-0.22216918110068815,0.183,False,47,198
CoT Failure vs Direct Success,G3,G2,10,radius_of_gyration,-0.22227619326300893,0.183,False,47,198
CoT Failure vs Direct Success,G3,G2,11,radius_of_gyration,-0.22253328722051102,0.178,False,47,198
CoT Failure vs Direct Success,G3,G2,12,radius_of_gyration,-0.2232606872520697,0.159,False,47,198
CoT Failure vs Direct Success,G3,G2,13,radius_of_gyration,-0.22302060787737274,0.164,False,47,198
CoT Failure vs Direct Success,G3,G2,14,radius_of_gyration,-0.2230232917029349,0.164,False,47,198
CoT Failure vs Direct Success,G3,G2,15,radius_of_gyration,-0.22339427604953174,0.159,False,47,198
CoT Failure vs Direct Success,G3,G2,16,radius_of_gyration,-0.22303376077922876,0.164,False,47,198
CoT Failure vs Direct Success,G3,G2,17,radius_of_gyration,-0.2235104913350784,0.159,False,47,198
CoT Failure vs Direct Success,G3,G2,18,radius_of_gyration,-0.22247200878589826,0.182,False,47,198
CoT Failure vs Direct Success,G3,G2,19,radius_of_gyration,-0.22205412028590152,0.183,False,47,198
CoT Failure vs Direct Success,G3,G2,20,radius_of_gyration,-0.22343080268445395,0.159,False,47,198
CoT Failure vs Direct Success,G3,G2,21,radius_of_gyration,-0.2248038288242356,0.159,False,47,198
CoT Failure vs Direct Success,G3,G2,22,radius_of_gyration,-0.22508435099472648,0.159,False,47,198
CoT Failure vs Direct Success,G3,G2,23,radius_of_gyration,-0.23461854650551428,0.134,False,47,198
CoT Failure vs Direct Success,G3,G2,24,radius_of_gyration,-0.24393653545735147,0.134,False,47,198
CoT Failure vs Direct Success,G3,G2,25,radius_of_gyration,-0.2481083083252044,0.134,False,47,198
CoT Failure vs Direct Success,G3,G2,26,radius_of_gyration,-0.2534087275967726,0.134,False,47,198
CoT Failure vs Direct Success,G3,G2,27,radius_of_gyration,-3.5462634413454333,0.0,True,47,198
CoT Failure vs Direct Success,G3,G2,28,radius_of_gyration,-0.781329804341235,0.0,True,47,198
CoT Failure vs Direct Success,G3,G2,0,msd_exponent,0.40572443639669087,0.008,True,47,198
CoT Failure vs Direct Success,G3,G2,1,msd_exponent,0.30970272401937776,0.059,False,47,198
CoT Failure vs Direct Success,G3,G2,2,msd_exponent,0.3001913594385337,0.054,False,47,198
CoT Failure vs Direct Success,G3,G2,3,msd_exponent,0.27984298239759237,0.096,False,47,198
CoT Failure vs Direct Success,G3,G2,4,msd_exponent,0.24165898779529463,0.134,False,47,198
CoT Failure vs Direct Success,G3,G2,5,msd_exponent,0.25554455715391927,0.134,False,47,198
CoT Failure vs Direct Success,G3,G2,6,msd_exponent,0.27246073745759564,0.112,False,47,198
CoT Failure vs Direct Success,G3,G2,7,msd_exponent,0.2868545516562895,0.084,False,47,198
CoT Failure vs Direct Success,G3,G2,8,msd_exponent,0.27978382652509276,0.097,False,47,198
CoT Failure vs Direct Success,G3,G2,9,msd_exponent,0.2782970666710388,0.096,False,47,198
CoT Failure vs Direct Success,G3,G2,10,msd_exponent,0.27044746174269635,0.116,False,47,198
CoT Failure vs Direct Success,G3,G2,11,msd_exponent,0.2824735182986582,0.092,False,47,198
CoT Failure vs Direct Success,G3,G2,12,msd_exponent,0.2748285310494608,0.105,False,47,198
CoT Failure vs Direct Success,G3,G2,13,msd_exponent,0.29654060785110187,0.057,False,47,198
CoT Failure vs Direct Success,G3,G2,14,msd_exponent,0.32644933582870167,0.046,True,47,198
CoT Failure vs Direct Success,G3,G2,15,msd_exponent,0.3325743113197147,0.044,True,47,198
CoT Failure vs Direct Success,G3,G2,16,msd_exponent,0.26771809877865843,0.127,False,47,198
CoT Failure vs Direct Success,G3,G2,17,msd_exponent,0.28124117679628435,0.093,False,47,198
CoT Failure vs Direct Success,G3,G2,18,msd_exponent,0.2618263222704668,0.134,False,47,198
CoT Failure vs Direct Success,G3,G2,19,msd_exponent,0.2520932502115918,0.134,False,47,198
CoT Failure vs Direct Success,G3,G2,20,msd_exponent,0.23701043347043255,0.136,False,47,198
CoT Failure vs Direct Success,G3,G2,21,msd_exponent,0.23539932010025777,0.135,False,47,198
CoT Failure vs Direct Success,G3,G2,22,msd_exponent,0.24429037077869598,0.134,False,47,198
CoT Failure vs Direct Success,G3,G2,23,msd_exponent,0.23418892461078045,0.138,False,47,198
CoT Failure vs Direct Success,G3,G2,24,msd_exponent,0.21255056969569142,0.222,False,47,198
CoT Failure vs Direct Success,G3,G2,25,msd_exponent,0.2252126962859342,0.164,False,47,198
CoT Failure vs Direct Success,G3,G2,26,msd_exponent,0.2514091152869872,0.133,False,47,198
CoT Failure vs Direct Success,G3,G2,27,msd_exponent,0.5075216197416049,0.003,True,47,198
CoT Failure vs Direct Success,G3,G2,28,msd_exponent,-1.0489209856259183,0.0,True,47,198
CoT Failure vs Direct Success,G3,G2,0,cos_to_late_window,0.9659915923578829,0.0,True,47,198
CoT Failure vs Direct Success,G3,G2,1,cos_to_late_window,1.1503470497912,0.0,True,47,198
CoT Failure vs Direct Success,G3,G2,2,cos_to_late_window,0.986834434091041,0.0,True,47,198
CoT Failure vs Direct Success,G3,G2,3,cos_to_late_window,1.2565430261600277,0.0,True,47,198
CoT Failure vs Direct Success,G3,G2,4,cos_to_late_window,1.1321957881116782,0.0,True,47,198
CoT Failure vs Direct Success,G3,G2,5,cos_to_late_window,1.4511273585779267,0.0,True,47,198
CoT Failure vs Direct Success,G3,G2,6,cos_to_late_window,1.249719816891686,0.0,True,47,198
CoT Failure vs Direct Success,G3,G2,7,cos_to_late_window,1.2662652130885403,0.0,True,47,198
CoT Failure vs Direct Success,G3,G2,8,cos_to_late_window,1.2860025133205466,0.0,True,47,198
CoT Failure vs Direct Success,G3,G2,9,cos_to_late_window,1.2992258026918546,0.0,True,47,198
CoT Failure vs Direct Success,G3,G2,10,cos_to_late_window,1.3610040642659436,0.0,True,47,198
CoT Failure vs Direct Success,G3,G2,11,cos_to_late_window,1.334102876634725,0.0,True,47,198
CoT Failure vs Direct Success,G3,G2,12,cos_to_late_window,1.0639338436175247,0.0,True,47,198
CoT Failure vs Direct Success,G3,G2,13,cos_to_late_window,1.1624889660032733,0.0,True,47,198
CoT Failure vs Direct Success,G3,G2,14,cos_to_late_window,1.1352155379400843,0.0,True,47,198
CoT Failure vs Direct Success,G3,G2,15,cos_to_late_window,0.9580149364757039,0.0,True,47,198
CoT Failure vs Direct Success,G3,G2,16,cos_to_late_window,0.9966245320196179,0.0,True,47,198
CoT Failure vs Direct Success,G3,G2,17,cos_to_late_window,1.1476188914890317,0.0,True,47,198
CoT Failure vs Direct Success,G3,G2,18,cos_to_late_window,1.4227388769699416,0.0,True,47,198
CoT Failure vs Direct Success,G3,G2,19,cos_to_late_window,1.40426663645116,0.0,True,47,198
CoT Failure vs Direct Success,G3,G2,20,cos_to_late_window,1.6980263696287436,0.0,True,47,198
CoT Failure vs Direct Success,G3,G2,21,cos_to_late_window,1.8433483083873519,0.0,True,47,198
CoT Failure vs Direct Success,G3,G2,22,cos_to_late_window,2.1295175914114823,0.0,True,47,198
CoT Failure vs Direct Success,G3,G2,23,cos_to_late_window,2.4895227020698356,0.0,True,47,198
CoT Failure vs Direct Success,G3,G2,24,cos_to_late_window,2.7185901443602023,0.0,True,47,198
CoT Failure vs Direct Success,G3,G2,25,cos_to_late_window,2.742407037688406,0.0,True,47,198
CoT Failure vs Direct Success,G3,G2,26,cos_to_late_window,2.8416942696193317,0.0,True,47,198
CoT Failure vs Direct Success,G3,G2,27,cos_to_late_window,3.133502749807429,0.0,True,47,198
CoT Failure vs Direct Success,G3,G2,28,cos_to_late_window,1.9933560521959144,0.0,True,47,198
